Age,Gender,Grade_Level,Math_Score,Writing_Score,Attendance_Rate,Extracurriculars,Graduation_Year,Graduation_Month,Academic_Average,Grade_Age_Gap,Graduation_Distance,Attendance_Band,Literacy_Level
7,Male,3,50.6,56.9,91.6,Sports,2033,6,53.75,1,7,Medium,Low
16,Male,12,79.6,74.7,86.4,Art,2024,7,77.15,1,-2,Medium,Medium
14,Male,9,48.0,54.5,94.9,Music,2027,6,51.25,0,1,Medium,Low
11,Male,7,61.7,65.1,83.8,Science Club,2029,7,63.4,1,3,Low,Medium
11,Female,5,57.2,63.4,97.2,Sports,2031,7,60.3,-1,5,High,Medium
17,Male,12,68.5,66.1,89.0,Music,2024,6,67.3,0,-2,Medium,Medium
7,Female,3,56.4,64.8,84.0,None,2033,6,60.599999999999994,1,7,Low,Medium
15,Male,10,61.9,66.6,99.0,Sports,2026,6,64.25,0,0,High,Medium
8,Female,4,62.5,61.6,90.7,Art,2032,6,62.05,1,6,Medium,Medium
7,Male,2,55.0,59.2,100.0,None,2034,7,57.1,0,8,High,Medium
12,Female,6,73.3,66.3,97.1,None,2030,6,69.8,-1,4,High,Medium
18,Female,12,69.6,69.7,87.0,Sports,2024,6,69.65,-1,-2,Medium,Medium
15,Male,9,64.7,60.8,90.6,None,2027,6,62.75,-1,1,Medium,Medium
15,Female,9,59.5,66.3,91.6,None,2027,7,62.9,-1,1,Medium,Medium
15,Male,10,77.9,72.5,98.6,Music,2026,6,75.2,0,0,High,Medium
16,Male,12,62.5,64.5,93.2,None,2024,6,63.5,1,-2,Medium,Medium
12,Female,7,61.4,61.8,91.9,None,2029,6,61.599999999999994,0,3,Medium,Medium
7,Female,2,67.6,70.0,90.0,Science Club,2034,6,68.8,0,8,Medium,Medium
16,Male,10,91.4,77.1,90.7,Art,2026,6,84.25,-1,0,Medium,High
11,Male,5,45.9,54.0,97.5,None,2031,6,49.95,-1,5,High,Low
12,Female,6,77.5,73.3,91.0,None,2030,6,75.4,-1,4,Medium,Medium
10,Female,4,37.6,50.0,89.0,Science Club,2032,6,43.8,-1,6,Medium,Low
8,Other,4,69.3,69.1,88.2,None,2032,7,69.19999999999999,1,6,Medium,Medium
18,Female,12,89.6,82.0,88.2,None,2024,6,85.8,-1,-2,Medium,Medium
16,Female,12,73.3,76.0,84.0,None,2024,7,74.65,1,-2,Low,High
14,Male,8,68.6,69.8,87.2,None,2028,7,69.19999999999999,-1,2,Medium,Medium
11,Female,5,57.6,65.7,98.5,Sports,2031,7,61.650000000000006,-1,5,High,Medium
16,Male,10,66.5,62.8,90.0,Sports,2026,7,64.65,-1,0,Medium,Medium
13,Female,8,62.2,66.9,94.5,Science Club,2028,7,64.55000000000001,0,2,Medium,Medium
11,Male,6,54.2,53.2,78.6,Art,2030,6,53.7,0,4,Low,Low
11,Female,6,61.7,63.3,93.8,Science Club,2030,7,62.5,0,4,Medium,Medium
8,Female,2,69.0,68.0,90.2,None,2034,6,68.5,-1,8,Medium,Medium
7,Female,3,54.5,65.3,88.6,None,2033,6,59.9,1,7,Medium,Medium
13,Female,7,53.9,61.5,91.9,Art,2029,7,57.7,-1,3,Medium,Medium
17,Male,11,45.6,58.9,88.5,None,2025,7,52.25,-1,-1,Medium,Low
6,Female,2,71.9,69.0,80.4,Sports,2034,6,70.45,1,8,Low,Medium
17,Male,12,74.2,73.4,95.6,Art,2024,7,73.80000000000001,0,-2,High,Medium
16,Male,10,69.5,67.1,92.2,Sports,2026,7,68.3,-1,0,Medium,Medium
9,Male,4,80.5,78.0,89.4,Art,2032,6,79.25,0,6,Medium,High
14,Male,10,67.3,68.3,86.2,Art,2026,7,67.8,1,0,Medium,Medium
8,Male,4,71.9,69.5,83.7,None,2032,7,70.7,1,6,Low,Medium
15,Female,11,70.6,67.6,92.1,Science Club,2025,7,69.1,1,-1,Medium,Medium
15,Female,10,64.6,72.6,99.1,Music,2026,7,68.6,0,0,High,Medium
10,Female,5,58.0,63.4,92.0,Sports,2031,7,60.7,0,5,Medium,Medium
6,Male,2,99.2,80.9,84.1,Sports,2034,6,90.05000000000001,1,8,Low,High
18,Male,12,59.2,65.8,92.1,None,2024,7,62.5,-1,-2,Medium,Medium
11,Male,5,56.0,63.7,90.7,None,2031,6,59.85,-1,5,Medium,Medium
17,Female,12,72.5,74.1,95.3,Music,2024,7,73.3,0,-2,High,Medium
14,Female,10,69.8,69.8,94.0,Music,2026,6,69.8,1,0,Medium,Medium
16,Male,10,44.9,57.2,76.1,Art,2026,7,51.05,-1,0,Low,Low
15,Female,10,82.8,71.6,93.7,Science Club,2026,7,77.19999999999999,0,0,Medium,Medium
8,Male,3,64.6,57.9,86.0,Music,2033,6,61.25,0,7,Medium,Low
10,Male,5,49.3,61.6,83.9,Sports,2031,7,55.45,0,5,Low,Medium
12,Male,8,83.8,73.3,90.1,Music,2028,6,78.55,1,2,Medium,Medium
12,Male,6,75.4,76.2,93.1,Music,2030,6,75.80000000000001,-1,4,Medium,Medium
6,Female,2,47.0,63.8,82.8,Music,2034,6,55.4,1,8,Low,Medium
13,Female,8,92.7,78.9,94.5,Sports,2028,7,85.80000000000001,0,2,Medium,High
8,Male,4,75.9,69.8,94.8,Science Club,2032,6,72.85,1,6,Medium,Medium
15,Female,10,65.8,73.0,91.2,Art,2026,7,69.4,0,0,Medium,Medium
14,Female,8,89.9,83.4,86.7,Music,2028,7,86.65,-1,2,Medium,High
17,Female,12,68.4,65.9,86.1,Art,2024,6,67.15,0,-2,Medium,Medium
15,Female,11,65.6,65.7,96.1,Art,2025,6,65.65,1,-1,High,Medium
10,Male,4,56.1,64.3,83.4,None,2032,6,60.2,-1,6,Low,Medium
18,Female,12,74.7,69.8,96.3,None,2024,6,72.25,-1,-2,High,Medium
11,Male,7,73.1,67.9,90.2,Sports,2029,7,70.5,1,3,Medium,Medium
10,Female,5,66.2,63.0,90.5,None,2031,6,64.6,0,5,Medium,Medium
17,Male,12,54.2,66.4,82.5,None,2024,6,60.300000000000004,0,-2,Low,Medium
10,Female,5,67.9,66.0,90.3,Science Club,2031,7,66.95,0,5,Medium,Medium
6,Male,1,65.0,60.1,94.1,Music,2035,7,62.55,0,9,Medium,Medium
12,Male,6,46.0,53.1,84.3,Music,2030,7,49.55,-1,4,Low,Low
16,Female,12,43.9,48.0,93.5,Sports,2024,7,45.95,1,-2,Medium,Low
8,Female,2,74.5,72.0,91.4,None,2034,7,73.25,-1,8,Medium,Medium
12,Male,8,27.0,42.7,87.8,Science Club,2028,7,34.85,1,2,Medium,Low
7,Female,2,69.1,68.0,95.3,Music,2034,6,68.55,0,8,High,Medium
14,Female,9,58.8,60.1,80.0,Art,2027,6,59.45,0,1,Low,Medium
12,Male,6,85.6,78.0,92.7,Sports,2030,6,81.8,-1,4,Medium,Medium
10,Female,6,58.6,64.9,99.1,Sports,2030,7,61.75,1,4,High,Medium
8,Male,2,75.9,73.0,98.2,Science Club,2034,7,74.45,-1,8,High,Medium
13,Female,8,60.0,65.2,92.9,Art,2028,7,62.6,0,2,Medium,Medium
14,Male,10,67.7,71.2,89.5,None,2026,7,69.45,1,0,Medium,Medium
18,Male,12,77.1,71.5,87.8,Science Club,2024,6,74.3,-1,-2,Medium,Medium
11,Female,7,59.1,68.2,89.5,Science Club,2029,7,63.650000000000006,1,3,Medium,Medium
8,Female,4,80.9,73.5,93.7,None,2032,6,77.2,1,6,Medium,Medium
16,Female,11,51.1,52.4,87.0,Sports,2025,7,51.75,0,-1,Medium,Low
14,Female,8,70.4,66.7,94.8,Science Club,2028,6,68.55000000000001,-1,2,Medium,Medium
15,Female,11,79.8,77.6,100.0,None,2025,6,78.69999999999999,1,-1,High,Medium
7,Female,3,75.9,70.3,90.7,Music,2033,7,73.1,1,7,Medium,Medium
10,Female,6,94.7,81.6,84.3,Sports,2030,7,88.15,1,4,Low,Medium
15,Male,10,54.5,53.6,84.3,Sports,2026,7,54.05,0,0,Low,Low
16,Male,10,45.3,50.2,94.9,Sports,2026,7,47.75,-1,0,Medium,Low
11,Male,6,51.1,60.2,90.7,Art,2030,6,55.650000000000006,0,4,Medium,Low
16,Female,11,75.9,75.0,95.4,Sports,2025,7,75.45,0,-1,High,Medium
16,Male,12,73.5,69.3,88.3,Science Club,2024,7,71.4,1,-2,Medium,Medium
11,Male,6,67.5,69.5,95.2,Sports,2030,7,68.5,0,4,High,Medium
17,Female,11,49.2,62.8,90.2,Sports,2025,6,56.0,-1,-1,Medium,Medium
9,Male,3,77.5,77.8,87.3,Music,2033,6,77.65,-1,7,Medium,Medium
9,Male,5,47.6,54.7,89.0,Sports,2031,7,51.150000000000006,1,5,Medium,Low
14,Female,10,83.4,77.3,85.0,None,2026,6,80.35,1,0,Low,Medium
14,Female,8,100.0,83.4,100.0,Music,2028,7,91.7,-1,2,High,High
7,Male,2,71.5,69.9,90.5,Sports,2034,7,70.7,0,8,Medium,Medium
16,Male,11,74.7,69.7,94.2,Sports,2025,7,72.2,0,-1,Medium,Medium
8,Male,3,58.6,62.6,88.3,Music,2033,7,60.6,0,7,Medium,Medium
16,Female,12,38.8,51.0,85.7,Science Club,2024,6,44.9,1,-2,Medium,Low
6,Female,1,57.0,61.4,89.8,None,2035,6,59.2,0,9,Medium,Medium
16,Male,10,49.6,56.9,96.5,Music,2026,7,53.25,-1,0,High,Low
16,Female,10,44.3,55.8,88.4,Science Club,2026,6,50.05,-1,0,Medium,Low
16,Male,10,91.8,85.0,86.6,Art,2026,6,88.4,-1,0,Medium,High
14,Male,10,70.1,71.9,91.8,None,2026,7,71.0,1,0,Medium,Medium
12,Other,8,71.7,69.0,93.5,Art,2028,7,70.35,1,2,Medium,Medium
15,Male,9,61.4,63.3,99.2,Music,2027,6,62.349999999999994,-1,1,High,Medium
9,Male,4,63.4,66.8,92.8,None,2032,7,65.1,0,6,Medium,Medium
16,Male,10,80.5,70.1,94.2,None,2026,6,75.3,-1,0,Medium,Medium
13,Female,7,65.5,69.2,94.6,Art,2029,6,67.35,-1,3,Medium,Medium
11,Female,5,74.0,74.6,85.2,None,2031,7,74.3,-1,5,Medium,Medium
12,Other,6,63.1,62.2,86.2,None,2030,6,62.650000000000006,-1,4,Medium,Low
13,Male,8,60.9,64.7,85.6,Sports,2028,7,62.8,0,2,Medium,Medium
6,Male,2,44.9,55.3,84.3,None,2034,6,50.099999999999994,1,8,Low,Low
7,Female,2,36.3,50.3,95.0,Science Club,2034,7,43.3,0,8,Medium,Low
9,Male,5,62.1,68.1,92.5,Art,2031,7,65.1,1,5,Medium,Medium
7,Female,2,66.8,70.8,91.4,Art,2034,7,68.8,0,8,Medium,Medium
11,Female,5,46.7,53.0,78.0,None,2031,6,49.85,-1,5,Low,Low
14,Male,8,65.5,63.3,100.0,Science Club,2028,6,64.4,-1,2,High,Medium
14,Female,8,66.8,62.8,86.5,Art,2028,7,64.8,-1,2,Medium,Medium
12,Male,6,33.7,47.0,100.0,Sports,2030,7,40.35,-1,4,High,Low
17,Male,12,52.3,59.5,83.8,Art,2024,7,55.9,0,-2,Low,Medium
13,Female,9,72.1,69.0,86.9,None,2027,7,70.55,1,1,Medium,Medium
7,Female,3,71.8,67.7,80.0,None,2033,6,69.75,1,7,Low,Medium
15,Female,10,48.7,58.1,92.8,Sports,2026,7,53.400000000000006,0,0,Medium,Low
13,Female,8,68.4,66.0,85.5,None,2028,7,67.2,0,2,Medium,Medium
14,Other,9,81.3,77.3,85.6,None,2027,7,79.3,0,1,Medium,Medium
13,Other,8,77.7,77.6,84.1,Art,2028,7,77.65,0,2,Low,Medium
13,Female,9,64.6,60.3,94.9,Sports,2027,6,62.449999999999996,1,1,Medium,Medium
7,Male,3,59.0,56.8,94.6,Art,2033,6,57.9,1,7,Medium,Low
13,Female,9,56.6,58.5,100.0,Sports,2027,6,57.55,1,1,High,Medium
16,Female,11,73.0,78.1,87.6,Music,2025,7,75.55,0,-1,Medium,Medium
9,Male,3,68.9,75.5,92.1,Science Club,2033,6,72.2,-1,7,Medium,Medium
13,Male,9,75.4,71.7,84.6,None,2027,6,73.55000000000001,1,1,Low,Medium
6,Male,1,68.0,66.3,89.3,Music,2035,6,67.15,0,9,Medium,Medium
10,Male,6,78.3,70.1,88.4,None,2030,6,74.19999999999999,1,4,Medium,Medium
11,Female,6,67.4,73.7,93.3,None,2030,7,70.55000000000001,0,4,Medium,Medium
18,Male,12,77.8,67.6,96.1,Sports,2024,7,72.69999999999999,-1,-2,High,Medium
8,Female,3,79.1,80.1,96.0,Music,2033,6,79.6,0,7,High,High
9,Female,5,53.9,64.4,86.8,None,2031,7,59.150000000000006,1,5,Medium,Low
11,Female,7,38.9,55.2,96.0,None,2029,7,47.05,1,3,High,Medium
18,Male,12,89.2,78.8,90.8,Music,2024,7,84.0,-1,-2,Medium,High
17,Male,12,69.8,65.9,89.4,Science Club,2024,6,67.85,0,-2,Medium,Medium
6,Female,1,40.3,54.8,87.5,Science Club,2035,7,47.55,0,9,Medium,Low
9,Female,5,55.3,63.5,88.2,None,2031,6,59.4,1,5,Medium,Medium
16,Female,12,77.6,78.4,99.7,None,2024,7,78.0,1,-2,High,High
6,Female,2,61.8,63.9,92.5,Sports,2034,6,62.849999999999994,1,8,Medium,Medium
17,Male,12,58.3,62.3,91.9,Sports,2024,7,60.3,0,-2,Medium,Medium
9,Female,4,87.0,78.3,89.7,Sports,2032,6,82.65,0,6,Medium,Medium
17,Male,12,50.3,59.7,100.0,None,2024,7,55.0,0,-2,High,Medium
9,Male,5,54.0,59.1,97.5,None,2031,7,56.55,1,5,High,Low
11,Female,5,69.2,68.0,87.4,None,2031,6,68.6,-1,5,Medium,Medium
14,Male,9,71.9,71.2,89.6,Sports,2027,7,71.55000000000001,0,1,Medium,Medium
7,Male,1,73.4,74.2,89.9,Science Club,2035,7,73.80000000000001,-1,9,Medium,Medium
13,Male,9,79.7,77.2,91.7,Sports,2027,6,78.45,1,1,Medium,Medium
12,Male,7,69.0,72.7,87.5,Music,2029,6,70.85,0,3,Medium,Medium
16,Female,11,73.3,73.6,93.2,Music,2025,7,73.44999999999999,0,-1,Medium,Medium
18,Male,12,62.1,66.6,98.3,None,2024,7,64.35,-1,-2,High,Medium
14,Female,9,66.9,69.2,84.4,Sports,2027,7,68.05000000000001,0,1,Low,Medium
11,Female,7,67.6,68.6,85.4,Science Club,2029,7,68.1,1,3,Medium,Medium
11,Male,6,69.2,64.3,88.6,None,2030,7,66.75,0,4,Medium,Medium
11,Male,6,77.6,70.6,88.8,Science Club,2030,6,74.1,0,4,Medium,Medium
16,Female,10,74.3,71.6,100.0,Sports,2026,6,72.94999999999999,-1,0,High,Medium
10,Female,4,66.7,66.0,96.0,None,2032,6,66.35,-1,6,High,Medium
8,Female,3,53.9,59.5,95.7,Science Club,2033,6,56.7,0,7,High,Medium
10,Female,6,67.0,69.1,89.7,Art,2030,7,68.05,1,4,Medium,Medium
6,Male,2,65.6,67.4,89.6,Science Club,2034,7,66.5,1,8,Medium,Medium
7,Male,2,68.9,72.5,83.7,None,2034,6,70.7,0,8,Low,Medium
7,Female,2,99.1,87.8,94.9,Art,2034,7,93.44999999999999,0,8,Medium,High
16,Male,11,58.1,65.6,93.5,Art,2025,6,61.849999999999994,0,-1,Medium,Medium
15,Female,9,72.3,68.9,97.4,Art,2027,6,70.6,-1,1,High,Medium
15,Female,9,82.0,75.3,89.9,Sports,2027,7,78.65,-1,1,Medium,Medium
12,Female,7,67.5,69.0,90.3,None,2029,7,68.25,0,3,Medium,Medium
15,Male,9,100.0,83.1,91.9,Sports,2027,7,91.55,-1,1,Medium,High
8,Male,2,60.3,64.4,95.5,Music,2034,6,62.35,-1,8,High,Medium
17,Male,11,70.9,65.4,83.6,Music,2025,7,68.15,-1,-1,Low,Medium
12,Male,6,54.0,56.3,94.7,Music,2030,7,55.15,-1,4,Medium,Low
18,Female,12,60.7,59.8,90.9,Music,2024,6,60.25,-1,-2,Medium,Low
7,Male,3,69.7,74.8,85.7,Science Club,2033,6,72.25,1,7,Medium,Medium
12,Male,8,78.7,77.6,80.6,Music,2028,6,78.15,1,2,Low,Medium
15,Male,10,70.8,68.1,90.3,Sports,2026,7,69.44999999999999,0,0,Medium,Medium
12,Male,7,84.9,83.3,98.2,None,2029,6,84.1,0,3,High,High
11,Female,5,64.6,65.1,99.4,None,2031,6,64.85,-1,5,High,Medium
8,Male,2,61.0,70.8,92.8,Art,2034,6,65.9,-1,8,Medium,High
10,Other,5,100.0,84.8,100.0,Music,2031,6,92.4,0,5,High,High
9,Male,4,71.9,72.3,90.8,Sports,2032,7,72.1,0,6,Medium,Medium
9,Female,3,55.2,58.9,95.8,Sports,2033,7,57.05,-1,7,High,Medium
14,Male,9,55.6,59.3,88.7,Music,2027,6,57.45,0,1,Medium,Low
14,Male,8,51.9,64.1,88.4,None,2028,6,58.0,-1,2,Medium,Medium
13,Female,7,80.0,76.1,87.6,None,2029,6,78.05,-1,3,Medium,Medium
10,Female,6,60.5,67.7,80.7,Music,2030,7,64.1,1,4,Low,Medium
18,Female,12,67.9,63.2,97.4,None,2024,6,65.55000000000001,-1,-2,High,Medium
7,Male,2,65.0,69.5,87.8,Art,2034,7,67.25,0,8,Medium,Medium
10,Male,6,77.0,73.0,87.0,Music,2030,6,75.0,1,4,Medium,Medium
7,Female,3,53.3,61.4,85.1,Art,2033,6,57.349999999999994,1,7,Medium,Medium
10,Male,6,49.9,58.9,90.0,Sports,2030,7,54.4,1,4,Medium,Low
18,Female,12,69.4,67.6,99.8,None,2024,6,68.5,-1,-2,High,Medium
10,Female,6,75.0,67.6,100.0,Music,2030,7,71.3,1,4,High,Medium
17,Female,12,71.0,75.0,82.7,Science Club,2024,7,73.0,0,-2,Low,Medium
12,Female,8,53.9,62.6,89.2,Music,2028,6,58.25,1,2,Medium,Medium
15,Female,11,76.2,69.7,85.8,None,2025,7,72.95,1,-1,Medium,Medium
11,Male,6,54.8,55.7,95.9,Science Club,2030,7,55.25,0,4,High,Low
9,Male,5,58.2,60.2,92.4,Art,2031,7,59.2,1,5,Medium,Low
15,Female,10,51.8,55.3,87.8,Sports,2026,6,53.55,0,0,Medium,Low
18,Male,12,85.5,83.0,91.4,None,2024,6,84.25,-1,-2,Medium,High
9,Male,3,75.5,72.0,88.6,Art,2033,7,73.75,-1,7,Medium,Medium
16,Male,12,75.1,68.4,99.1,Music,2024,7,71.75,1,-2,High,Medium
9,Female,4,84.7,77.2,93.7,None,2032,6,80.95,0,6,Medium,Medium
15,Female,11,100.0,78.4,94.3,Sports,2025,7,89.2,1,-1,Medium,Medium
16,Female,11,40.4,47.4,77.7,Music,2025,7,43.9,0,-1,Low,Low
11,Male,7,54.9,60.5,90.7,Art,2029,7,57.7,1,3,Medium,Low
15,Male,9,56.8,64.2,100.0,Music,2027,7,60.5,-1,1,High,Low
9,Female,3,53.2,65.3,97.6,Art,2033,6,59.25,-1,7,High,Medium
7,Male,2,49.8,60.2,81.8,Music,2034,7,55.0,0,8,Low,Medium
7,Female,3,61.5,65.9,89.4,Sports,2033,6,63.7,1,7,Medium,Medium
11,Female,7,47.8,53.8,85.0,Sports,2029,6,50.8,1,3,Low,Low
17,Male,12,71.0,73.8,99.6,Sports,2024,7,72.4,0,-2,High,Medium
7,Male,2,66.8,62.1,92.2,None,2034,6,64.45,0,8,Medium,Low
11,Male,6,73.2,77.6,87.2,Science Club,2030,7,75.4,0,4,Medium,Medium
15,Female,11,73.6,74.8,91.2,Art,2025,6,74.19999999999999,1,-1,Medium,Medium
8,Female,3,75.0,66.7,78.0,Music,2033,6,70.85,0,7,Low,Medium
15,Male,10,60.4,62.1,85.6,None,2026,6,61.25,0,0,Medium,Medium
9,Female,5,97.8,83.0,91.2,Sports,2031,7,90.4,1,5,Medium,High
16,Male,10,69.5,65.4,95.2,Music,2026,6,67.45,-1,0,High,Medium
13,Male,9,38.1,47.4,81.3,Science Club,2027,6,42.75,1,1,Low,Low
13,Female,7,51.0,69.3,89.1,Art,2029,6,60.15,-1,3,Medium,Medium
8,Male,2,39.9,51.8,96.0,None,2034,6,45.849999999999994,-1,8,High,Low
12,Male,8,66.3,65.0,83.7,None,2028,7,65.65,1,2,Low,Medium
17,Female,12,64.2,65.5,92.1,None,2024,6,64.85,0,-2,Medium,Medium
6,Male,2,59.0,60.7,91.3,Sports,2034,6,59.85,1,8,Medium,Low
15,Female,11,96.2,82.0,99.6,Sports,2025,6,89.1,1,-1,High,High
12,Male,7,74.2,69.6,89.8,Sports,2029,6,71.9,0,3,Medium,Medium
15,Male,10,76.9,71.5,90.1,None,2026,6,74.2,0,0,Medium,Medium
14,Male,8,52.0,59.5,95.3,None,2028,7,55.75,-1,2,High,Low
11,Male,5,51.0,60.3,84.4,None,2031,6,55.65,-1,5,Low,Medium
10,Male,4,66.6,64.1,89.9,Music,2032,6,65.35,-1,6,Medium,Medium
14,Male,8,68.6,72.8,88.7,None,2028,6,70.69999999999999,-1,2,Medium,Medium
7,Female,2,38.2,54.3,90.3,Art,2034,7,46.25,0,8,Medium,Low
13,Male,9,63.3,63.0,95.2,None,2027,7,63.15,1,1,High,Medium
7,Male,3,66.2,61.7,93.8,Art,2033,7,63.95,1,7,Medium,Medium
14,Male,9,62.8,63.1,87.3,Sports,2027,7,62.95,0,1,Medium,Medium
14,Male,10,53.8,59.2,91.7,Sports,2026,6,56.5,1,0,Medium,Low
7,Male,3,57.9,60.3,98.5,None,2033,7,59.099999999999994,1,7,High,Low
15,Female,11,63.3,64.0,86.8,Art,2025,7,63.65,1,-1,Medium,Medium
11,Male,6,67.4,66.0,91.7,Music,2030,6,66.7,0,4,Medium,Medium
16,Female,10,75.1,75.4,90.0,Music,2026,7,75.25,-1,0,Medium,High
6,Female,2,82.2,75.8,90.7,Music,2034,7,79.0,1,8,Medium,High
8,Male,2,61.6,62.8,82.8,None,2034,7,62.2,-1,8,Low,Medium
12,Male,7,59.2,61.3,98.1,Sports,2029,6,60.25,0,3,High,Medium
8,Male,2,72.6,70.7,87.1,Sports,2034,7,71.65,-1,8,Medium,Medium
10,Female,6,75.2,75.3,96.1,None,2030,7,75.25,1,4,High,Medium
14,Male,9,59.5,58.9,87.9,Art,2027,6,59.2,0,1,Medium,Medium
7,Female,1,77.9,74.4,87.9,Sports,2035,7,76.15,-1,9,Medium,Medium
14,Female,8,80.7,76.8,97.1,Sports,2028,7,78.75,-1,2,High,Medium
7,Female,2,85.4,79.1,96.0,Sports,2034,6,82.25,0,8,High,High
8,Female,3,92.7,78.4,92.0,Music,2033,6,85.55000000000001,0,7,Medium,Medium
13,Other,9,53.0,62.8,94.8,Sports,2027,6,57.9,1,1,Medium,Medium
16,Male,10,66.2,68.8,89.6,Sports,2026,7,67.5,-1,0,Medium,Medium
8,Male,4,66.2,64.3,91.0,None,2032,7,65.25,1,6,Medium,Medium
9,Male,4,64.5,71.9,87.7,None,2032,6,68.2,0,6,Medium,Medium
18,Female,12,56.3,70.9,95.5,None,2024,7,63.6,-1,-2,High,Medium
18,Female,12,43.7,57.3,87.5,Music,2024,7,50.5,-1,-2,Medium,Low
13,Female,7,67.4,75.2,98.4,Music,2029,7,71.30000000000001,-1,3,High,Medium
11,Male,5,54.5,57.6,89.4,None,2031,7,56.05,-1,5,Medium,Medium
10,Female,5,67.3,71.6,91.1,None,2031,7,69.44999999999999,0,5,Medium,Medium
13,Female,9,54.1,55.0,94.8,Art,2027,7,54.55,1,1,Medium,Low
13,Female,7,49.5,59.2,91.1,Music,2029,7,54.35,-1,3,Medium,Low
9,Female,4,69.5,68.9,89.5,Music,2032,7,69.2,0,6,Medium,Medium
6,Male,1,68.3,66.8,90.8,Art,2035,6,67.55,0,9,Medium,Medium
7,Male,3,74.7,74.1,95.5,Art,2033,7,74.4,1,7,High,Medium
18,Female,12,98.8,86.2,87.7,Sports,2024,7,92.5,-1,-2,Medium,High
11,Male,7,70.2,66.7,90.4,None,2029,7,68.45,1,3,Medium,Medium
12,Male,8,73.3,73.4,91.1,Science Club,2028,6,73.35,1,2,Medium,Medium
12,Male,7,49.8,59.3,95.3,Science Club,2029,7,54.55,0,3,High,Medium
16,Male,12,46.7,51.1,90.5,Sports,2024,6,48.900000000000006,1,-2,Medium,Low
6,Female,1,89.7,88.3,100.0,None,2035,6,89.0,0,9,High,High
7,Female,3,52.1,58.8,90.2,None,2033,6,55.45,1,7,Medium,Medium
9,Male,5,50.3,59.9,89.8,Sports,2031,6,55.099999999999994,1,5,Medium,Medium
12,Male,8,65.4,67.7,90.1,Science Club,2028,7,66.55000000000001,1,2,Medium,Medium
14,Male,9,64.6,68.8,84.4,Science Club,2027,7,66.69999999999999,0,1,Low,Medium
12,Female,8,52.5,59.8,85.8,None,2028,7,56.15,1,2,Medium,Medium
11,Female,6,61.4,62.4,88.3,Sports,2030,7,61.9,0,4,Medium,Medium
18,Female,12,84.4,81.4,96.7,None,2024,6,82.9,-1,-2,High,High
8,Male,4,53.9,55.5,90.8,Art,2032,7,54.7,1,6,Medium,Low
13,Male,7,45.1,55.7,88.6,Sports,2029,6,50.400000000000006,-1,3,Medium,Low
13,Male,7,80.1,75.8,97.1,Sports,2029,7,77.94999999999999,-1,3,High,Medium
12,Female,7,73.4,74.5,98.8,Sports,2029,6,73.95,0,3,High,Medium
16,Male,10,56.7,62.7,97.3,Music,2026,7,59.7,-1,0,High,Medium
9,Female,5,42.3,58.4,86.7,Art,2031,7,50.349999999999994,1,5,Medium,Low
18,Female,12,54.8,60.4,88.5,None,2024,7,57.599999999999994,-1,-2,Medium,Low
10,Male,4,65.2,68.1,100.0,Sports,2032,7,66.65,-1,6,High,Medium
13,Male,9,83.5,77.6,92.2,None,2027,7,80.55,1,1,Medium,High
12,Male,7,50.5,60.2,89.7,Sports,2029,6,55.35,0,3,Medium,Medium
17,Male,11,64.7,68.2,94.6,Science Club,2025,7,66.45,-1,-1,Medium,Medium
11,Male,7,76.1,73.4,96.0,None,2029,6,74.75,1,3,High,Medium
9,Female,4,30.3,49.2,88.1,None,2032,6,39.75,0,6,Medium,Low
6,Male,1,81.5,75.0,92.1,Science Club,2035,7,78.25,0,9,Medium,Medium
10,Male,6,48.3,56.9,95.6,None,2030,6,52.599999999999994,1,4,High,Medium
16,Female,11,71.0,66.4,85.2,Sports,2025,6,68.7,0,-1,Medium,Medium
6,Female,2,69.7,72.0,91.1,Sports,2034,6,70.85,1,8,Medium,Medium
17,Male,12,82.3,73.4,85.4,Art,2024,7,77.85,0,-2,Medium,Medium
13,Female,8,74.3,70.6,86.1,Sports,2028,7,72.44999999999999,0,2,Medium,Medium
7,Female,3,30.3,48.7,88.2,Music,2033,6,39.5,1,7,Medium,Low
9,Female,3,54.2,61.3,93.4,Sports,2033,7,57.75,-1,7,Medium,Low
13,Female,7,68.1,69.0,89.4,None,2029,6,68.55,-1,3,Medium,Medium
10,Male,5,63.1,71.3,87.8,None,2031,6,67.2,0,5,Medium,Medium
7,Female,3,73.2,66.8,91.3,None,2033,6,70.0,1,7,Medium,Medium
14,Male,9,77.8,73.4,85.3,None,2027,6,75.6,0,1,Medium,Medium
14,Female,9,75.1,61.5,93.1,Sports,2027,7,68.3,0,1,Medium,Medium
7,Female,3,62.8,61.6,96.7,Sports,2033,6,62.2,1,7,High,Medium
9,Male,5,38.3,54.0,90.6,Science Club,2031,6,46.15,1,5,Medium,Low
9,Male,5,59.2,59.5,90.0,Science Club,2031,7,59.35,1,5,Medium,Low
14,Female,8,72.2,72.5,92.9,Music,2028,6,72.35,-1,2,Medium,Medium
15,Female,11,49.6,57.5,80.9,Art,2025,7,53.55,1,-1,Low,Low
15,Male,10,75.5,71.2,93.7,Art,2026,7,73.35,0,0,Medium,Medium
18,Female,12,79.6,77.7,100.0,Music,2024,7,78.65,-1,-2,High,Medium
15,Female,10,67.9,62.9,90.4,Music,2026,7,65.4,0,0,Medium,Medium
10,Female,4,20.0,34.5,90.4,Art,2032,6,27.25,-1,6,Medium,Low
7,Male,1,46.8,59.8,94.7,Science Club,2035,6,53.3,-1,9,Medium,Medium
13,Male,8,94.3,76.6,99.2,None,2028,7,85.44999999999999,0,2,High,Medium
17,Female,12,57.8,59.1,95.9,Art,2024,6,58.45,0,-2,High,Low
18,Male,12,36.2,51.7,80.2,None,2024,6,43.95,-1,-2,Low,Low
8,Female,2,84.5,80.4,93.8,None,2034,7,82.45,-1,8,Medium,High
9,Male,5,66.2,65.5,100.0,Sports,2031,7,65.85,1,5,High,Medium
6,Female,1,82.6,74.2,94.1,Science Club,2035,6,78.4,0,9,Medium,Medium
7,Male,3,70.2,73.2,85.2,Art,2033,7,71.7,1,7,Medium,Medium
13,Male,8,72.9,69.0,92.4,Science Club,2028,7,70.95,0,2,Medium,Medium
13,Female,8,71.4,75.6,84.6,Sports,2028,6,73.5,0,2,Low,Medium
10,Female,6,76.5,66.7,97.2,None,2030,6,71.6,1,4,High,Medium
10,Female,5,100.0,85.7,86.2,None,2031,7,92.85,0,5,Medium,High
16,Female,12,80.6,75.7,91.4,Sports,2024,6,78.15,1,-2,Medium,Medium
11,Female,6,42.3,55.4,86.7,Sports,2030,6,48.849999999999994,0,4,Medium,Low
16,Female,12,72.7,70.4,88.3,Sports,2024,6,71.55000000000001,1,-2,Medium,Medium
18,Male,12,83.1,72.9,98.4,None,2024,7,78.0,-1,-2,High,Medium
10,Female,4,84.0,75.1,91.5,Science Club,2032,7,79.55,-1,6,Medium,Medium
8,Female,4,59.6,71.3,88.2,Sports,2032,6,65.45,1,6,Medium,Medium
18,Male,12,83.5,75.6,85.3,None,2024,6,79.55,-1,-2,Medium,Medium
14,Male,9,79.9,79.6,81.6,Music,2027,7,79.75,0,1,Low,Medium
9,Female,3,100.0,85.0,84.7,Art,2033,6,92.5,-1,7,Low,High
14,Male,8,54.7,59.4,91.6,Music,2028,7,57.05,-1,2,Medium,Low
12,Female,7,58.4,65.5,95.9,Art,2029,6,61.95,0,3,High,Medium
17,Other,11,61.4,65.2,88.2,Art,2025,7,63.3,-1,-1,Medium,Medium
9,Female,5,58.6,61.9,98.9,Music,2031,7,60.25,1,5,High,Medium
18,Male,12,52.6,64.3,87.4,Art,2024,7,58.45,-1,-2,Medium,Medium
18,Male,12,24.6,46.7,89.8,None,2024,6,35.650000000000006,-1,-2,Medium,Low
8,Male,4,59.5,66.9,85.6,Art,2032,6,63.2,1,6,Medium,Medium
8,Male,3,71.5,80.0,96.0,None,2033,7,75.75,0,7,High,High
12,Female,6,58.6,67.5,100.0,Art,2030,6,63.05,-1,4,High,Medium
6,Female,1,95.0,84.8,82.2,None,2035,7,89.9,0,9,Low,High
9,Male,4,66.2,71.3,89.3,Music,2032,7,68.75,0,6,Medium,Medium
11,Male,7,85.4,78.5,97.3,None,2029,6,81.95,1,3,High,Medium
18,Female,12,69.9,65.7,83.8,Music,2024,6,67.80000000000001,-1,-2,Low,Medium
18,Male,12,78.4,71.2,93.8,Sports,2024,7,74.80000000000001,-1,-2,Medium,Medium
7,Female,2,70.2,68.7,97.1,Sports,2034,7,69.45,0,8,High,Medium
17,Male,11,86.5,79.0,91.4,Sports,2025,7,82.75,-1,-1,Medium,Medium
7,Female,1,66.8,67.7,93.8,None,2035,6,67.25,-1,9,Medium,Medium
15,Male,10,73.4,73.4,99.8,None,2026,6,73.4,0,0,High,Medium
16,Female,10,71.5,73.9,100.0,None,2026,6,72.7,-1,0,High,Medium
17,Male,11,61.7,66.5,90.7,Sports,2025,6,64.1,-1,-1,Medium,Medium
8,Female,3,72.1,70.5,88.3,None,2033,6,71.3,0,7,Medium,Medium
17,Male,11,99.5,82.9,86.4,None,2025,6,91.2,-1,-1,Medium,High
7,Male,2,61.9,71.6,95.9,Music,2034,7,66.75,0,8,High,Medium
12,Female,6,72.3,67.0,84.1,Art,2030,6,69.65,-1,4,Low,Medium
12,Male,6,84.9,73.9,89.7,Science Club,2030,7,79.4,-1,4,Medium,Medium
10,Male,5,83.1,73.2,91.5,Sports,2031,7,78.15,0,5,Medium,Medium
6,Male,2,66.2,67.3,88.5,Art,2034,6,66.75,1,8,Medium,Medium
16,Male,11,30.2,47.6,92.4,None,2025,7,38.9,0,-1,Medium,Low
10,Male,6,73.8,74.3,100.0,Sports,2030,6,74.05,1,4,High,Medium
14,Female,9,32.7,55.2,90.4,Art,2027,7,43.95,0,1,Medium,Low
11,Male,6,88.0,78.5,88.8,Art,2030,7,83.25,0,4,Medium,High
10,Female,5,68.5,68.7,96.1,None,2031,6,68.6,0,5,High,Medium
17,Female,12,81.0,73.0,92.2,None,2024,7,77.0,0,-2,Medium,Medium
7,Male,3,52.5,63.0,98.2,None,2033,6,57.75,1,7,High,Medium
15,Female,11,42.7,52.7,91.8,Science Club,2025,7,47.7,1,-1,Medium,Low
15,Female,11,69.9,67.8,89.8,Science Club,2025,6,68.85,1,-1,Medium,Medium
10,Female,5,65.5,70.6,82.1,Science Club,2031,6,68.05,0,5,Low,Medium
9,Male,4,58.6,66.0,82.9,Art,2032,7,62.3,0,6,Low,Medium
6,Male,2,67.3,63.6,81.8,Sports,2034,7,65.45,1,8,Low,Medium
18,Male,12,100.0,87.1,92.9,Science Club,2024,6,93.55,-1,-2,Medium,High
18,Female,12,78.5,76.0,84.2,None,2024,7,77.25,-1,-2,Low,Medium
9,Other,5,81.7,73.9,97.3,Art,2031,7,77.80000000000001,1,5,High,Medium
6,Female,1,78.7,72.1,91.2,None,2035,6,75.4,0,9,Medium,Medium
7,Male,1,88.2,75.7,89.8,Science Club,2035,7,81.95,-1,9,Medium,Medium
6,Female,1,63.1,69.2,86.8,Music,2035,7,66.15,0,9,Medium,Medium
16,Male,10,35.2,53.7,94.1,Sports,2026,6,44.45,-1,0,Medium,Low
17,Female,12,63.2,62.4,87.0,Sports,2024,7,62.8,0,-2,Medium,Medium
7,Male,3,78.2,69.3,86.1,Music,2033,7,73.75,1,7,Medium,Medium
15,Female,9,51.5,57.5,96.9,Art,2027,6,54.5,-1,1,High,Low
8,Female,3,63.4,62.3,92.8,Sports,2033,7,62.849999999999994,0,7,Medium,Medium
10,Male,6,55.6,60.8,89.8,Sports,2030,7,58.2,1,4,Medium,Low
13,Male,9,88.5,82.3,94.2,Music,2027,7,85.4,1,1,Medium,High
15,Female,9,77.2,71.8,91.0,None,2027,7,74.5,-1,1,Medium,Medium
17,Male,12,75.8,71.1,92.9,None,2024,6,73.44999999999999,0,-2,Medium,Medium
6,Female,1,75.3,71.8,86.9,Music,2035,6,73.55,0,9,Medium,Medium
8,Female,3,65.4,70.5,100.0,Sports,2033,6,67.95,0,7,High,Medium
9,Female,3,69.0,62.8,88.1,Sports,2033,6,65.9,-1,7,Medium,Medium
10,Male,4,48.2,54.6,98.8,Sports,2032,7,51.400000000000006,-1,6,High,Low
18,Male,12,33.2,43.0,90.1,Music,2024,7,38.1,-1,-2,Medium,Low
16,Male,10,68.3,64.3,95.0,Sports,2026,6,66.3,-1,0,Medium,Medium
10,Female,4,70.9,67.7,94.7,Music,2032,7,69.30000000000001,-1,6,Medium,Medium
18,Male,12,84.1,73.1,96.7,None,2024,7,78.6,-1,-2,High,Medium
12,Male,6,89.6,83.2,86.8,Art,2030,6,86.4,-1,4,Medium,High
12,Male,6,89.5,79.5,96.4,None,2030,6,84.5,-1,4,High,High
11,Female,6,51.0,54.2,100.0,Sports,2030,6,52.6,0,4,High,Low
7,Male,3,60.7,67.6,89.7,Music,2033,7,64.15,1,7,Medium,Medium
18,Female,12,73.2,67.2,91.2,None,2024,6,70.2,-1,-2,Medium,Medium
6,Female,1,100.0,84.1,88.4,Music,2035,7,92.05,0,9,Medium,High
8,Female,2,88.2,81.7,89.3,Science Club,2034,6,84.95,-1,8,Medium,Medium
8,Female,3,82.8,75.9,99.6,None,2033,6,79.35,0,7,High,Medium
9,Female,3,60.2,66.3,86.0,Art,2033,6,63.25,-1,7,Medium,Medium
7,Female,3,52.8,60.0,86.3,Music,2033,6,56.4,1,7,Medium,Medium
6,Male,1,77.8,78.4,99.1,Art,2035,6,78.1,0,9,High,Medium
14,Female,10,49.5,56.1,94.1,Sports,2026,7,52.8,1,0,Medium,Low
18,Female,12,62.4,61.1,100.0,Sports,2024,6,61.75,-1,-2,High,Low
7,Female,2,64.3,60.7,88.7,Sports,2034,6,62.5,0,8,Medium,Low
9,Female,5,89.9,80.4,91.6,None,2031,6,85.15,1,5,Medium,High
12,Female,7,60.7,65.4,87.7,Science Club,2029,7,63.050000000000004,0,3,Medium,Medium
18,Female,12,29.4,43.4,91.7,Music,2024,6,36.4,-1,-2,Medium,Low
15,Male,11,73.6,70.1,82.1,Sports,2025,7,71.85,1,-1,Low,Medium
15,Male,10,55.5,59.6,94.4,Science Club,2026,7,57.55,0,0,Medium,Low
13,Male,9,66.6,63.8,92.6,None,2027,6,65.19999999999999,1,1,Medium,Medium
11,Male,5,64.7,65.4,90.7,Music,2031,7,65.05000000000001,-1,5,Medium,Medium
8,Male,4,61.9,70.5,89.0,Music,2032,7,66.2,1,6,Medium,Medium
17,Male,12,77.9,73.4,86.5,None,2024,6,75.65,0,-2,Medium,Medium
16,Male,12,43.0,57.8,94.6,None,2024,7,50.4,1,-2,Medium,Medium
6,Female,1,58.2,60.7,85.1,None,2035,6,59.45,0,9,Medium,Low
15,Male,11,76.3,76.5,93.6,Music,2025,7,76.4,1,-1,Medium,Medium
7,Female,2,56.8,64.4,100.0,Sports,2034,7,60.6,0,8,High,Medium
15,Female,9,41.9,50.5,98.4,Art,2027,6,46.2,-1,1,High,Low
16,Male,10,76.0,71.8,83.5,Music,2026,6,73.9,-1,0,Low,Medium
7,Male,2,82.8,68.4,88.3,None,2034,6,75.6,0,8,Medium,Medium
11,Male,5,65.3,67.3,93.1,Sports,2031,6,66.3,-1,5,Medium,Medium
7,Female,1,36.6,51.5,90.6,Science Club,2035,6,44.05,-1,9,Medium,Low
13,Male,8,76.6,68.1,84.0,None,2028,7,72.35,0,2,Low,Medium
18,Female,12,41.1,46.4,92.9,None,2024,7,43.75,-1,-2,Medium,Low
7,Female,1,70.6,64.0,90.9,Science Club,2035,6,67.3,-1,9,Medium,Medium
11,Female,7,52.7,59.5,100.0,None,2029,7,56.1,1,3,High,Low
18,Male,12,48.6,60.2,89.7,Sports,2024,7,54.400000000000006,-1,-2,Medium,Medium
9,Male,4,59.4,62.1,96.8,Music,2032,7,60.75,0,6,High,Medium
7,Male,3,63.3,66.3,84.7,Sports,2033,7,64.8,1,7,Low,Medium
12,Male,7,56.3,52.3,85.9,None,2029,6,54.3,0,3,Medium,Low
12,Male,6,74.8,71.0,94.6,None,2030,7,72.9,-1,4,Medium,Medium
14,Female,8,59.3,63.4,96.4,Sports,2028,7,61.349999999999994,-1,2,High,Medium
10,Female,6,80.7,77.7,86.2,Sports,2030,7,79.2,1,4,Medium,Medium
18,Female,12,70.2,64.0,91.1,Music,2024,7,67.1,-1,-2,Medium,Medium
12,Female,8,55.5,65.9,84.1,Music,2028,6,60.7,1,2,Low,Medium
9,Male,3,53.0,56.5,90.1,None,2033,7,54.75,-1,7,Medium,Low
18,Female,12,41.3,54.5,95.2,Sports,2024,7,47.9,-1,-2,High,Low
18,Female,12,70.4,67.0,88.8,None,2024,6,68.7,-1,-2,Medium,Medium
12,Female,6,60.7,68.2,89.8,Art,2030,6,64.45,-1,4,Medium,Medium
6,Female,1,30.4,46.0,85.4,Music,2035,7,38.2,0,9,Medium,Low
13,Male,8,58.0,60.7,87.8,Sports,2028,6,59.35,0,2,Medium,Low
13,Male,7,52.5,58.1,99.8,None,2029,6,55.3,-1,3,High,Low
7,Male,3,89.6,77.8,91.4,Science Club,2033,7,83.69999999999999,1,7,Medium,Medium
14,Male,9,40.5,53.1,86.0,Art,2027,6,46.8,0,1,Medium,Low
16,Female,10,44.4,54.7,89.4,Music,2026,7,49.55,-1,0,Medium,Low
7,Male,2,82.6,76.0,83.0,None,2034,7,79.3,0,8,Low,Medium
15,Female,11,86.4,73.8,85.9,None,2025,6,80.1,1,-1,Medium,Medium
7,Female,1,54.8,64.0,97.8,None,2035,6,59.4,-1,9,High,Medium
15,Male,9,56.5,66.1,90.3,Science Club,2027,6,61.3,-1,1,Medium,Medium
11,Male,5,75.2,72.4,100.0,None,2031,6,73.80000000000001,-1,5,High,Medium
6,Female,2,31.1,50.0,90.5,Music,2034,6,40.55,1,8,Medium,Low
18,Female,12,38.1,55.0,90.8,None,2024,7,46.55,-1,-2,Medium,Low
8,Male,3,61.8,63.1,94.2,Music,2033,7,62.45,0,7,Medium,Medium
13,Male,8,89.2,79.7,77.6,Science Club,2028,7,84.45,0,2,Low,High
8,Female,4,59.5,59.9,92.0,None,2032,7,59.7,1,6,Medium,Low
18,Male,12,67.5,74.0,90.8,None,2024,6,70.75,-1,-2,Medium,Medium
15,Female,11,83.0,77.1,98.4,Art,2025,6,80.05,1,-1,High,Medium
16,Male,12,97.6,84.3,95.8,Science Club,2024,7,90.94999999999999,1,-2,High,High
11,Male,6,57.3,61.3,85.3,None,2030,7,59.3,0,4,Medium,Medium
12,Female,6,65.7,72.7,97.2,None,2030,6,69.2,-1,4,High,Medium
14,Female,10,93.3,86.1,89.7,None,2026,6,89.69999999999999,1,0,Medium,High
16,Female,10,43.2,47.5,86.5,Sports,2026,6,45.35,-1,0,Medium,Low
17,Male,12,81.4,76.7,92.0,Music,2024,6,79.05000000000001,0,-2,Medium,Medium
6,Other,1,50.7,56.3,90.0,None,2035,6,53.5,0,9,Medium,Low
14,Male,8,67.5,70.6,98.7,None,2028,6,69.05,-1,2,High,Medium
7,Male,2,62.4,63.1,92.7,None,2034,7,62.75,0,8,Medium,Medium
9,Male,3,51.6,60.1,92.0,Science Club,2033,6,55.85,-1,7,Medium,Medium
16,Male,10,51.3,55.4,95.5,Art,2026,6,53.349999999999994,-1,0,High,Low
9,Female,3,70.1,70.6,96.5,Music,2033,7,70.35,-1,7,High,Medium
16,Male,10,80.9,73.0,94.9,None,2026,6,76.95,-1,0,Medium,Medium
12,Female,7,64.1,69.6,98.1,Music,2029,6,66.85,0,3,High,Medium
9,Male,5,67.1,72.5,94.0,Science Club,2031,7,69.8,1,5,Medium,Medium
10,Other,4,74.6,65.8,91.8,None,2032,7,70.19999999999999,-1,6,Medium,Medium
12,Male,6,51.4,60.3,97.2,None,2030,7,55.849999999999994,-1,4,High,Low
15,Female,9,77.1,70.5,90.5,Music,2027,6,73.8,-1,1,Medium,Medium
13,Male,8,78.3,78.7,91.2,None,2028,7,78.5,0,2,Medium,Medium
18,Male,12,100.0,82.0,99.6,Sports,2024,6,91.0,-1,-2,High,High
17,Female,12,60.4,60.3,99.1,Sports,2024,7,60.349999999999994,0,-2,High,Medium
15,Female,9,59.1,65.2,91.0,Art,2027,6,62.150000000000006,-1,1,Medium,Medium
13,Female,7,77.5,76.8,88.7,Sports,2029,6,77.15,-1,3,Medium,Medium
9,Male,4,78.3,74.0,98.3,None,2032,6,76.15,0,6,High,Medium
11,Female,6,58.0,57.2,95.0,None,2030,6,57.6,0,4,Medium,Low
7,Female,2,60.0,63.0,92.6,Sports,2034,7,61.5,0,8,Medium,Medium
10,Female,6,74.1,77.2,89.4,None,2030,6,75.65,1,4,Medium,Medium
18,Male,12,53.6,60.2,92.7,Art,2024,6,56.900000000000006,-1,-2,Medium,Medium
11,Female,7,59.8,66.3,90.9,None,2029,7,63.05,1,3,Medium,Medium
7,Female,2,67.3,70.7,87.7,None,2034,6,69.0,0,8,Medium,Medium
14,Female,8,80.9,71.2,91.6,Science Club,2028,6,76.05000000000001,-1,2,Medium,Medium
18,Male,12,56.9,61.8,92.3,Sports,2024,7,59.349999999999994,-1,-2,Medium,Low
17,Male,11,38.4,51.3,89.1,Sports,2025,6,44.849999999999994,-1,-1,Medium,Low
9,Female,4,37.3,54.7,95.5,Art,2032,7,46.0,0,6,High,Low
11,Female,5,47.1,58.3,97.4,None,2031,6,52.7,-1,5,High,Low
12,Female,8,46.3,52.3,95.8,Science Club,2028,6,49.3,1,2,High,Low
9,Male,4,63.7,62.2,89.6,Music,2032,6,62.95,0,6,Medium,Medium
9,Male,5,48.2,52.6,94.8,Sports,2031,6,50.400000000000006,1,5,Medium,Low
9,Female,5,55.5,61.8,91.4,None,2031,7,58.65,1,5,Medium,Medium
18,Male,12,54.4,66.9,84.8,Music,2024,6,60.650000000000006,-1,-2,Low,Medium
15,Male,9,59.4,67.9,94.4,None,2027,7,63.650000000000006,-1,1,Medium,Medium
16,Female,12,85.8,76.0,91.7,Science Club,2024,7,80.9,1,-2,Medium,Medium
16,Female,10,75.9,80.2,100.0,Music,2026,6,78.05000000000001,-1,0,High,High
18,Female,12,66.2,69.7,98.3,Sports,2024,7,67.95,-1,-2,High,Medium
7,Male,3,59.1,59.4,94.6,Music,2033,7,59.25,1,7,Medium,Low
17,Male,12,59.5,60.5,92.2,Music,2024,6,60.0,0,-2,Medium,Medium
6,Female,1,70.9,75.8,91.8,None,2035,7,73.35,0,9,Medium,Medium
12,Male,7,74.8,73.7,86.0,None,2029,6,74.25,0,3,Medium,Medium
13,Male,8,52.4,55.8,82.3,Sports,2028,6,54.099999999999994,0,2,Low,Low
10,Male,6,66.5,67.3,86.6,Art,2030,6,66.9,1,4,Medium,Medium
7,Female,3,35.5,43.7,90.8,Sports,2033,6,39.6,1,7,Medium,Low
8,Female,2,69.2,68.6,80.5,Sports,2034,6,68.9,-1,8,Low,Medium
16,Female,10,77.4,78.8,88.3,None,2026,7,78.1,-1,0,Medium,Medium
10,Female,5,61.8,63.3,89.8,None,2031,6,62.55,0,5,Medium,Medium
10,Male,4,93.2,82.6,89.9,None,2032,6,87.9,-1,6,Medium,High
18,Male,12,52.8,60.4,87.7,Sports,2024,6,56.599999999999994,-1,-2,Medium,Medium
7,Male,1,69.3,71.6,89.3,Art,2035,7,70.44999999999999,-1,9,Medium,Medium
17,Male,11,65.5,72.7,99.6,Art,2025,7,69.1,-1,-1,High,Medium
17,Male,12,64.5,69.7,94.3,None,2024,7,67.1,0,-2,Medium,Medium
13,Male,7,64.3,68.9,88.2,Science Club,2029,7,66.6,-1,3,Medium,Medium
8,Male,2,67.6,75.8,90.7,None,2034,7,71.69999999999999,-1,8,Medium,Medium
8,Female,4,78.7,71.6,90.9,Sports,2032,7,75.15,1,6,Medium,Medium
9,Female,3,86.7,77.4,87.2,Art,2033,7,82.05000000000001,-1,7,Medium,Medium
13,Male,9,66.0,64.4,87.2,None,2027,7,65.2,1,1,Medium,Medium
7,Male,1,78.2,73.2,96.1,Music,2035,7,75.7,-1,9,High,Medium
11,Female,5,55.5,52.8,88.9,Science Club,2031,6,54.15,-1,5,Medium,Low
7,Female,1,77.5,71.1,85.5,Art,2035,7,74.3,-1,9,Medium,Medium
13,Female,9,54.6,58.5,90.8,None,2027,7,56.55,1,1,Medium,Low
6,Male,1,82.4,81.3,91.6,Sports,2035,6,81.85,0,9,Medium,High
15,Female,10,99.2,83.8,81.1,None,2026,7,91.5,0,0,Low,High
6,Male,1,64.2,66.2,90.8,Music,2035,7,65.2,0,9,Medium,Medium
8,Male,2,33.1,48.8,95.3,Art,2034,7,40.95,-1,8,High,Low
8,Male,3,57.8,63.6,93.3,Art,2033,7,60.7,0,7,Medium,Medium
16,Male,10,84.5,76.3,100.0,Music,2026,7,80.4,-1,0,High,Medium
6,Male,1,74.3,67.7,97.3,None,2035,7,71.0,0,9,High,Medium
11,Male,7,69.7,69.3,98.2,None,2029,7,69.5,1,3,High,Medium
13,Female,9,81.1,72.6,100.0,None,2027,7,76.85,1,1,High,Medium
12,Male,7,73.3,68.0,94.8,None,2029,6,70.65,0,3,Medium,Medium
14,Male,8,84.3,76.5,91.8,Science Club,2028,6,80.4,-1,2,Medium,Medium
16,Male,10,79.8,79.0,95.9,Art,2026,6,79.4,-1,0,High,High
11,Male,7,88.8,79.4,88.2,None,2029,7,84.1,1,3,Medium,High
16,Male,11,71.4,66.9,91.5,Sports,2025,7,69.15,0,-1,Medium,Medium
10,Male,5,79.6,74.6,87.8,None,2031,7,77.1,0,5,Medium,Medium
18,Male,12,61.4,63.7,93.0,Art,2024,7,62.55,-1,-2,Medium,Medium
12,Female,6,57.0,63.4,87.7,Science Club,2030,7,60.2,-1,4,Medium,Medium
15,Female,11,91.6,77.7,87.6,Music,2025,7,84.65,1,-1,Medium,Medium
17,Female,12,69.2,66.2,93.1,Music,2024,7,67.7,0,-2,Medium,Medium
16,Female,12,78.1,73.7,90.3,Sports,2024,6,75.9,1,-2,Medium,Medium
17,Female,12,67.9,68.1,81.4,Art,2024,7,68.0,0,-2,Low,Medium
12,Other,6,57.2,62.0,83.7,Music,2030,6,59.6,-1,4,Low,Medium
6,Female,1,66.2,69.4,85.3,Sports,2035,7,67.80000000000001,0,9,Medium,Medium
12,Female,6,87.5,81.3,86.6,Music,2030,7,84.4,-1,4,Medium,Medium
8,Female,4,74.3,72.7,93.1,Science Club,2032,6,73.5,1,6,Medium,Medium
17,Female,12,40.3,49.4,92.1,Music,2024,6,44.849999999999994,0,-2,Medium,Low
9,Male,4,62.8,63.1,96.3,None,2032,6,62.95,0,6,High,Medium
8,Male,4,92.7,83.6,94.8,Sports,2032,6,88.15,1,6,Medium,High
9,Male,4,62.8,62.6,96.4,Science Club,2032,7,62.7,0,6,High,Medium
14,Male,10,39.0,50.0,94.0,Sports,2026,7,44.5,1,0,Medium,Low
13,Female,9,94.4,81.9,92.0,Art,2027,7,88.15,1,1,Medium,High
18,Male,12,76.2,71.6,96.5,Art,2024,7,73.9,-1,-2,High,Medium
11,Female,6,64.9,67.7,95.6,Science Club,2030,7,66.30000000000001,0,4,High,Medium
9,Female,5,60.4,61.5,92.9,Art,2031,6,60.95,1,5,Medium,Low
6,Female,2,82.2,70.9,97.4,Art,2034,6,76.55000000000001,1,8,High,Medium
6,Male,1,57.9,64.3,79.3,Sports,2035,6,61.099999999999994,0,9,Low,Medium
10,Male,4,83.2,80.1,89.5,Art,2032,6,81.65,-1,6,Medium,High
18,Female,12,74.1,72.6,89.5,Music,2024,6,73.35,-1,-2,Medium,Medium
12,Female,8,69.7,74.6,96.8,Science Club,2028,6,72.15,1,2,High,Medium
17,Other,11,68.2,66.9,98.9,Art,2025,6,67.55000000000001,-1,-1,High,Medium
7,Female,2,63.4,67.2,83.7,None,2034,7,65.3,0,8,Low,Medium
7,Female,1,81.7,70.9,98.1,Art,2035,7,76.30000000000001,-1,9,High,Medium
16,Male,10,53.0,58.6,85.1,Music,2026,7,55.8,-1,0,Medium,Medium
7,Male,2,41.7,48.7,85.3,Music,2034,7,45.2,0,8,Medium,Low
6,Male,1,75.2,73.4,89.8,Sports,2035,7,74.30000000000001,0,9,Medium,Medium
11,Female,6,75.5,69.0,89.4,Art,2030,6,72.25,0,4,Medium,Medium
18,Female,12,73.2,73.2,83.2,None,2024,6,73.2,-1,-2,Low,Medium
14,Male,10,72.1,72.2,94.2,None,2026,6,72.15,1,0,Medium,Medium
7,Female,1,61.2,62.1,94.4,Art,2035,7,61.650000000000006,-1,9,Medium,Low
16,Male,12,77.8,70.5,96.3,Sports,2024,7,74.15,1,-2,High,Medium
16,Male,10,65.3,66.7,88.8,None,2026,7,66.0,-1,0,Medium,Medium
16,Male,12,58.7,64.6,90.8,Sports,2024,7,61.65,1,-2,Medium,Medium
17,Male,12,61.3,67.1,90.8,Music,2024,6,64.19999999999999,0,-2,Medium,Medium
9,Female,4,96.3,90.0,99.4,None,2032,7,93.15,0,6,High,High
18,Male,12,40.0,51.5,76.8,Music,2024,7,45.75,-1,-2,Low,Low
10,Female,6,73.5,69.1,86.2,Sports,2030,7,71.3,1,4,Medium,Medium
16,Female,10,40.8,54.1,91.0,Music,2026,7,47.45,-1,0,Medium,Low
13,Male,8,64.4,61.9,85.6,Science Club,2028,6,63.150000000000006,0,2,Medium,Medium
16,Male,12,59.5,65.6,89.7,Sports,2024,6,62.55,1,-2,Medium,Medium
14,Female,10,34.7,44.9,90.4,Science Club,2026,6,39.8,1,0,Medium,Low
14,Male,10,71.8,74.7,87.7,Art,2026,6,73.25,1,0,Medium,Medium
14,Female,8,60.3,66.0,91.3,Music,2028,6,63.15,-1,2,Medium,Medium
16,Male,12,34.5,49.9,94.1,Music,2024,7,42.2,1,-2,Medium,Low
15,Female,11,78.6,76.5,89.8,None,2025,6,77.55,1,-1,Medium,Medium
7,Female,1,87.5,80.3,88.7,Music,2035,7,83.9,-1,9,Medium,High
16,Male,10,88.4,72.9,90.2,None,2026,7,80.65,-1,0,Medium,Medium
12,Male,8,71.4,75.7,91.0,Art,2028,7,73.55000000000001,1,2,Medium,Medium
10,Female,4,66.7,71.2,82.3,Sports,2032,7,68.95,-1,6,Low,Medium
12,Male,7,85.9,76.5,93.3,Art,2029,7,81.2,0,3,Medium,Medium
18,Male,12,91.2,77.6,88.7,Art,2024,6,84.4,-1,-2,Medium,Medium
17,Male,11,83.0,78.8,97.3,Art,2025,6,80.9,-1,-1,High,High
16,Male,12,51.9,64.0,94.0,None,2024,6,57.95,1,-2,Medium,Medium
12,Female,6,69.0,68.0,96.9,None,2030,7,68.5,-1,4,High,Medium
16,Female,12,72.6,65.8,85.9,None,2024,6,69.19999999999999,1,-2,Medium,Medium
11,Male,7,38.9,53.6,89.1,Science Club,2029,7,46.25,1,3,Medium,Low
14,Female,8,73.0,73.8,84.8,Art,2028,6,73.4,-1,2,Low,Medium
14,Male,8,100.0,89.0,87.5,Science Club,2028,6,94.5,-1,2,Medium,High
9,Male,5,75.6,75.9,97.3,Music,2031,7,75.75,1,5,High,Medium
9,Female,4,88.1,77.5,98.4,None,2032,7,82.8,0,6,High,High
6,Other,1,68.7,70.1,85.3,None,2035,7,69.4,0,9,Medium,Medium
7,Male,3,64.9,68.7,88.7,Music,2033,6,66.80000000000001,1,7,Medium,Medium
11,Male,5,71.7,66.2,90.6,None,2031,6,68.95,-1,5,Medium,Medium
12,Female,6,53.8,60.2,93.9,None,2030,6,57.0,-1,4,Medium,Low
8,Female,4,51.5,54.5,82.2,Art,2032,6,53.0,1,6,Low,Low
11,Male,5,85.0,76.3,83.0,None,2031,6,80.65,-1,5,Low,Medium
13,Male,8,86.6,78.5,93.4,Sports,2028,7,82.55,0,2,Medium,Medium
9,Female,5,51.1,60.3,81.3,Sports,2031,7,55.7,1,5,Low,Medium
10,Male,5,80.5,81.9,88.8,Music,2031,7,81.2,0,5,Medium,High
10,Male,5,64.7,69.5,91.8,Art,2031,6,67.1,0,5,Medium,Medium
12,Male,7,71.1,69.5,93.1,Music,2029,6,70.3,0,3,Medium,Medium
10,Male,4,72.9,69.9,90.3,None,2032,6,71.4,-1,6,Medium,Medium
15,Male,10,80.9,80.9,89.2,Music,2026,7,80.9,0,0,Medium,High
10,Female,6,67.2,64.9,95.2,Music,2030,7,66.05000000000001,1,4,High,Medium
11,Female,5,87.2,83.0,92.4,Science Club,2031,6,85.1,-1,5,Medium,High
10,Female,6,70.6,64.6,87.8,Sports,2030,6,67.6,1,4,Medium,Medium
8,Other,3,75.4,68.2,91.2,None,2033,6,71.80000000000001,0,7,Medium,Medium
14,Male,9,53.5,61.3,92.9,Music,2027,7,57.4,0,1,Medium,Medium
9,Male,3,98.4,90.7,99.6,None,2033,7,94.55000000000001,-1,7,High,High
9,Female,4,73.0,77.1,94.9,Science Club,2032,7,75.05,0,6,Medium,Medium
16,Male,10,76.7,74.2,97.1,Sports,2026,7,75.45,-1,0,High,Medium
18,Female,12,41.9,54.7,87.9,Sports,2024,6,48.3,-1,-2,Medium,Low
14,Female,10,53.7,67.7,88.4,Sports,2026,7,60.7,1,0,Medium,Medium
17,Male,11,84.6,75.3,89.8,None,2025,6,79.94999999999999,-1,-1,Medium,Medium
17,Male,12,70.3,67.1,90.3,Science Club,2024,6,68.69999999999999,0,-2,Medium,Medium
12,Male,7,37.3,49.2,86.0,Art,2029,7,43.25,0,3,Medium,Low
16,Male,10,81.6,81.0,97.3,Sports,2026,7,81.3,-1,0,High,High
10,Male,4,57.8,69.0,95.4,None,2032,6,63.4,-1,6,High,Medium
11,Male,6,87.2,86.9,89.5,Sports,2030,7,87.05000000000001,0,4,Medium,High
12,Female,7,64.7,64.1,94.2,None,2029,6,64.4,0,3,Medium,Medium
18,Female,12,69.1,73.5,92.1,None,2024,6,71.3,-1,-2,Medium,Medium
17,Female,12,83.7,76.6,94.6,Music,2024,7,80.15,0,-2,Medium,Medium
12,Male,6,52.5,59.1,84.3,Art,2030,6,55.8,-1,4,Low,Medium
14,Male,8,51.1,52.8,90.3,Sports,2028,7,51.95,-1,2,Medium,Low
8,Male,2,63.1,70.8,90.7,Music,2034,7,66.95,-1,8,Medium,Medium
16,Male,11,78.4,74.3,94.1,None,2025,7,76.35,0,-1,Medium,Medium
13,Female,7,46.0,55.9,87.9,Science Club,2029,7,50.95,-1,3,Medium,Low
12,Male,6,41.0,56.4,78.5,None,2030,7,48.7,-1,4,Low,Low
15,Male,11,78.4,73.8,85.6,Art,2025,6,76.1,1,-1,Medium,Medium
14,Female,10,57.0,58.5,90.7,Music,2026,7,57.75,1,0,Medium,Low
6,Male,2,60.1,64.3,91.3,None,2034,6,62.2,1,8,Medium,Medium
9,Male,3,38.1,47.8,99.4,Art,2033,7,42.95,-1,7,High,Low
8,Male,3,55.8,65.0,93.9,Sports,2033,7,60.4,0,7,Medium,Medium
15,Female,10,65.9,64.9,91.4,Art,2026,7,65.4,0,0,Medium,Medium
6,Female,1,80.0,71.3,90.8,Science Club,2035,6,75.65,0,9,Medium,Medium
8,Male,3,54.4,65.6,96.5,None,2033,7,60.0,0,7,High,Medium
13,Female,8,90.9,82.0,88.0,Music,2028,6,86.45,0,2,Medium,High
15,Female,10,55.7,65.1,90.3,None,2026,7,60.4,0,0,Medium,Low
12,Female,8,55.8,60.0,85.6,Music,2028,7,57.9,1,2,Medium,Low
17,Male,12,89.1,79.1,98.1,Music,2024,7,84.1,0,-2,High,Medium
17,Male,12,69.2,69.1,93.0,Sports,2024,6,69.15,0,-2,Medium,Medium
7,Female,3,57.7,64.0,87.5,None,2033,6,60.85,1,7,Medium,Medium
18,Male,12,63.7,73.2,90.4,Music,2024,6,68.45,-1,-2,Medium,Medium
13,Female,8,86.3,78.2,93.5,Art,2028,7,82.25,0,2,Medium,Medium
14,Female,8,88.0,69.7,89.7,Sports,2028,7,78.85,-1,2,Medium,Medium
7,Male,3,53.7,63.1,88.3,Science Club,2033,7,58.400000000000006,1,7,Medium,Medium
14,Female,10,65.4,70.1,87.7,None,2026,7,67.75,1,0,Medium,Medium
15,Female,11,67.4,62.7,92.7,Music,2025,6,65.05000000000001,1,-1,Medium,Medium
13,Female,7,51.2,61.9,89.2,None,2029,6,56.55,-1,3,Medium,Low
7,Male,2,65.2,58.1,88.7,Sports,2034,6,61.650000000000006,0,8,Medium,Medium
12,Female,8,66.1,66.6,84.3,Sports,2028,6,66.35,1,2,Low,Medium
18,Female,12,83.1,76.5,91.4,Science Club,2024,7,79.8,-1,-2,Medium,Medium
15,Female,11,84.1,67.6,90.1,None,2025,7,75.85,1,-1,Medium,Medium
7,Female,1,61.1,59.5,89.4,Music,2035,6,60.3,-1,9,Medium,Low
18,Female,12,62.8,68.8,92.0,Art,2024,7,65.8,-1,-2,Medium,Medium
18,Male,12,76.0,73.0,94.7,Music,2024,6,74.5,-1,-2,Medium,Medium
8,Male,3,57.2,59.1,94.5,Art,2033,6,58.150000000000006,0,7,Medium,Low
16,Male,11,74.8,69.8,93.8,Science Club,2025,6,72.3,0,-1,Medium,Medium
11,Female,6,64.7,65.4,89.8,None,2030,6,65.05000000000001,0,4,Medium,Medium
13,Female,8,51.5,61.3,88.2,Art,2028,6,56.4,0,2,Medium,Medium
11,Female,7,51.6,60.8,85.8,Science Club,2029,7,56.2,1,3,Medium,Low
16,Male,10,87.7,80.5,88.0,Science Club,2026,7,84.1,-1,0,Medium,Medium
18,Female,12,63.7,57.0,91.1,Music,2024,6,60.35,-1,-2,Medium,Low
16,Female,12,90.6,80.8,87.1,Music,2024,6,85.69999999999999,1,-2,Medium,High
18,Male,12,58.3,58.9,91.5,None,2024,6,58.599999999999994,-1,-2,Medium,Low
18,Female,12,70.4,69.6,86.2,Sports,2024,6,70.0,-1,-2,Medium,Medium
7,Female,1,100.0,85.7,82.7,None,2035,7,92.85,-1,9,Low,High
9,Female,5,50.1,60.6,95.1,Sports,2031,7,55.35,1,5,High,Medium
15,Male,10,37.5,50.4,88.6,None,2026,6,43.95,0,0,Medium,Low
13,Female,7,85.3,81.8,86.8,Sports,2029,6,83.55,-1,3,Medium,High
6,Female,1,53.6,62.1,85.5,None,2035,7,57.85,0,9,Medium,Medium
7,Female,3,65.7,67.3,93.1,Science Club,2033,6,66.5,1,7,Medium,Medium
12,Female,6,57.2,62.3,97.9,Sports,2030,7,59.75,-1,4,High,Medium
14,Other,8,70.0,63.4,89.0,Science Club,2028,7,66.7,-1,2,Medium,Medium
8,Male,4,51.7,62.8,89.9,Science Club,2032,7,57.25,1,6,Medium,Medium
8,Female,2,63.3,62.4,96.4,Music,2034,7,62.849999999999994,-1,8,High,Medium
7,Male,3,72.7,69.5,81.9,Music,2033,6,71.1,1,7,Low,Medium
13,Other,9,50.9,56.7,100.0,None,2027,7,53.8,1,1,High,Low
6,Male,2,55.5,61.9,100.0,None,2034,7,58.7,1,8,High,Medium
13,Male,9,60.8,63.4,77.5,Music,2027,7,62.099999999999994,1,1,Low,Medium
12,Female,6,44.6,55.1,90.5,None,2030,7,49.85,-1,4,Medium,Low
12,Male,6,59.7,68.9,87.4,Music,2030,7,64.30000000000001,-1,4,Medium,Medium
14,Female,9,67.8,65.5,89.7,Sports,2027,7,66.65,0,1,Medium,Medium
12,Male,7,60.0,66.2,88.9,Science Club,2029,6,63.1,0,3,Medium,Medium
15,Female,11,61.9,63.0,95.1,Sports,2025,6,62.45,1,-1,High,Medium
15,Female,11,65.7,64.4,90.4,Music,2025,7,65.05000000000001,1,-1,Medium,Medium
17,Male,12,56.2,61.5,86.4,Art,2024,6,58.85,0,-2,Medium,Medium
16,Female,12,76.4,68.7,90.1,Music,2024,7,72.55000000000001,1,-2,Medium,Medium
12,Male,7,87.5,80.1,93.6,Sports,2029,6,83.8,0,3,Medium,Medium
12,Female,7,59.0,65.2,85.1,None,2029,6,62.1,0,3,Medium,Medium
9,Female,4,73.3,66.2,82.8,Art,2032,7,69.75,0,6,Low,Medium
13,Female,8,62.4,61.6,100.0,None,2028,7,62.0,0,2,High,Medium
7,Male,1,71.5,75.5,87.8,Science Club,2035,7,73.5,-1,9,Medium,High
18,Male,12,89.5,75.0,90.3,Art,2024,6,82.25,-1,-2,Medium,Medium
16,Female,11,73.6,74.5,89.0,Music,2025,6,74.05,0,-1,Medium,Medium
7,Female,3,39.4,49.5,93.7,None,2033,7,44.45,1,7,Medium,Low
16,Female,11,72.8,70.8,99.9,Sports,2025,7,71.8,0,-1,High,Medium
7,Male,3,84.5,77.2,93.9,Music,2033,7,80.85,1,7,Medium,Medium
15,Male,11,62.7,70.2,83.4,None,2025,7,66.45,1,-1,Low,Medium
7,Female,2,80.9,73.8,84.1,None,2034,7,77.35,0,8,Low,Medium
12,Male,7,55.6,57.4,89.0,Science Club,2029,6,56.5,0,3,Medium,Low
14,Male,8,43.7,49.1,89.7,Sports,2028,6,46.400000000000006,-1,2,Medium,Low
15,Female,11,68.1,64.2,82.4,Sports,2025,6,66.15,1,-1,Low,Medium
11,Male,7,39.7,50.4,95.1,Art,2029,7,45.05,1,3,High,Low
17,Female,12,62.4,66.2,85.6,None,2024,6,64.3,0,-2,Medium,Medium
16,Male,12,85.3,84.5,98.5,Art,2024,7,84.9,1,-2,High,High
8,Female,4,37.4,51.3,100.0,Sports,2032,6,44.349999999999994,1,6,High,Low
14,Female,10,46.8,63.1,89.8,Sports,2026,6,54.95,1,0,Medium,Medium
15,Female,10,50.5,57.8,93.2,Science Club,2026,7,54.15,0,0,Medium,Low
10,Male,4,65.1,61.8,84.8,Science Club,2032,6,63.449999999999996,-1,6,Low,Medium
15,Female,9,60.5,62.5,94.1,Sports,2027,7,61.5,-1,1,Medium,Low
17,Female,11,87.0,82.6,88.5,Sports,2025,7,84.8,-1,-1,Medium,High
16,Male,11,80.3,77.9,85.6,Music,2025,7,79.1,0,-1,Medium,Medium
15,Male,11,73.4,71.0,89.6,Sports,2025,6,72.2,1,-1,Medium,Medium
14,Male,9,68.2,66.8,88.7,Art,2027,7,67.5,0,1,Medium,Medium
9,Female,3,71.9,68.2,89.4,Sports,2033,7,70.05000000000001,-1,7,Medium,Medium
16,Female,10,53.1,53.3,95.7,Science Club,2026,6,53.2,-1,0,High,Low
10,Female,6,78.9,74.6,87.1,None,2030,7,76.75,1,4,Medium,Medium
12,Female,8,49.3,57.0,99.7,None,2028,6,53.15,1,2,High,Low
10,Female,5,78.5,70.5,84.4,None,2031,6,74.5,0,5,Low,Medium
10,Male,6,83.8,75.5,99.1,Music,2030,6,79.65,1,4,High,Medium
8,Male,4,69.2,69.0,85.9,Sports,2032,7,69.1,1,6,Medium,Medium
18,Female,12,63.4,66.2,91.0,Music,2024,7,64.8,-1,-2,Medium,Medium
7,Male,3,72.0,72.5,88.5,None,2033,6,72.25,1,7,Medium,Medium
7,Female,2,23.1,44.6,89.3,Sports,2034,6,33.85,0,8,Medium,Low
18,Female,12,70.5,68.2,95.0,Music,2024,7,69.35,-1,-2,Medium,Medium
13,Male,8,64.3,64.6,98.5,Music,2028,7,64.44999999999999,0,2,High,Medium
11,Female,5,65.2,69.9,97.0,Sports,2031,7,67.55000000000001,-1,5,High,Medium
15,Male,10,76.6,67.3,89.0,None,2026,6,71.94999999999999,0,0,Medium,Medium
10,Female,5,64.9,68.4,91.9,Science Club,2031,6,66.65,0,5,Medium,Medium
7,Female,2,48.9,61.2,87.1,Art,2034,6,55.05,0,8,Medium,Low
15,Female,10,63.9,60.1,86.0,None,2026,7,62.0,0,0,Medium,Medium
8,Male,3,67.0,67.6,85.3,Sports,2033,7,67.3,0,7,Medium,Medium
13,Male,8,67.7,70.9,88.8,Sports,2028,7,69.30000000000001,0,2,Medium,Medium
18,Male,12,68.4,67.8,92.2,Music,2024,6,68.1,-1,-2,Medium,Medium
18,Male,12,81.6,79.1,81.4,Science Club,2024,7,80.35,-1,-2,Low,Medium
10,Male,5,49.7,59.6,90.8,Science Club,2031,7,54.650000000000006,0,5,Medium,Low
16,Male,12,68.6,64.5,98.6,Sports,2024,6,66.55,1,-2,High,Medium
13,Other,8,85.3,79.4,96.6,None,2028,6,82.35,0,2,High,Medium
12,Male,7,40.0,54.5,88.1,Music,2029,7,47.25,0,3,Medium,Low
7,Male,1,68.7,76.1,84.0,Music,2035,7,72.4,-1,9,Low,Medium
10,Female,4,57.2,62.4,93.3,Science Club,2032,7,59.8,-1,6,Medium,Medium
14,Female,9,60.4,69.1,79.4,None,2027,6,64.75,0,1,Low,Medium
18,Female,12,52.4,56.0,96.6,Science Club,2024,6,54.2,-1,-2,High,Low
6,Female,1,63.5,64.2,89.9,None,2035,7,63.85,0,9,Medium,Medium
15,Female,10,93.6,85.7,100.0,Sports,2026,7,89.65,0,0,High,High
17,Female,12,47.0,53.8,82.4,Science Club,2024,6,50.4,0,-2,Low,Low
18,Female,12,48.5,51.0,95.6,None,2024,6,49.75,-1,-2,High,Low
11,Female,5,46.5,57.2,90.5,Art,2031,6,51.85,-1,5,Medium,Low
7,Male,1,91.9,94.0,89.3,Music,2035,7,92.95,-1,9,Medium,High
9,Male,3,59.1,58.8,84.2,None,2033,6,58.95,-1,7,Low,Low
17,Male,12,65.6,65.6,94.0,Sports,2024,6,65.6,0,-2,Medium,Medium
17,Male,11,60.0,58.9,94.4,Art,2025,7,59.45,-1,-1,Medium,Medium
14,Female,9,51.8,57.5,99.9,None,2027,7,54.65,0,1,High,Low
7,Male,1,62.5,71.1,96.0,None,2035,6,66.8,-1,9,High,Medium
7,Male,3,100.0,82.1,88.0,None,2033,6,91.05,1,7,Medium,High
12,Male,8,86.9,79.6,86.0,None,2028,6,83.25,1,2,Medium,Medium
13,Female,7,53.2,57.2,84.2,Sports,2029,6,55.2,-1,3,Low,Low
6,Male,1,75.7,72.6,98.4,None,2035,6,74.15,0,9,High,Medium
14,Female,8,53.5,57.0,87.1,Art,2028,7,55.25,-1,2,Medium,Low
13,Female,8,39.4,54.6,98.4,Science Club,2028,6,47.0,0,2,High,Low
6,Male,2,81.3,82.5,93.6,Music,2034,7,81.9,1,8,Medium,High
7,Female,2,83.4,77.8,92.6,None,2034,6,80.6,0,8,Medium,Medium
11,Male,7,81.7,69.5,89.5,Science Club,2029,7,75.6,1,3,Medium,Medium
15,Male,10,59.0,60.2,94.3,None,2026,7,59.6,0,0,Medium,Medium
16,Female,10,63.5,60.8,90.9,Sports,2026,7,62.15,-1,0,Medium,Medium
11,Female,6,77.2,73.1,89.2,Sports,2030,7,75.15,0,4,Medium,Medium
9,Male,3,71.9,71.6,94.5,Art,2033,6,71.75,-1,7,Medium,Medium
18,Female,12,60.1,63.2,90.3,Sports,2024,7,61.650000000000006,-1,-2,Medium,Medium
11,Male,5,41.7,55.9,87.0,Science Club,2031,7,48.8,-1,5,Medium,Low
10,Female,5,67.7,69.6,94.0,Music,2031,6,68.65,0,5,Medium,Medium
11,Female,6,82.2,76.5,90.7,Art,2030,6,79.35,0,4,Medium,Medium
6,Female,1,48.0,55.3,93.4,Sports,2035,7,51.65,0,9,Medium,Low
9,Female,4,75.6,70.4,88.7,Sports,2032,6,73.0,0,6,Medium,Medium
12,Male,7,71.0,67.7,85.0,Science Club,2029,7,69.35,0,3,Low,Medium
17,Female,11,77.3,73.1,99.7,Music,2025,7,75.19999999999999,-1,-1,High,Medium
15,Female,9,79.1,62.6,98.7,Sports,2027,6,70.85,-1,1,High,Medium
16,Female,10,55.6,65.0,95.4,Sports,2026,7,60.3,-1,0,High,Medium
13,Male,7,41.7,60.7,89.1,Sports,2029,7,51.2,-1,3,Medium,Medium
7,Male,2,58.0,62.4,89.5,Science Club,2034,6,60.2,0,8,Medium,Medium
11,Male,5,79.3,81.9,97.9,Sports,2031,7,80.6,-1,5,High,High
18,Male,12,57.9,63.4,89.2,Music,2024,6,60.65,-1,-2,Medium,Medium
6,Male,1,55.6,64.6,87.8,Science Club,2035,6,60.099999999999994,0,9,Medium,Medium
17,Male,12,38.7,51.3,100.0,Art,2024,7,45.0,0,-2,High,Low
14,Female,10,92.3,87.4,90.8,Science Club,2026,7,89.85,1,0,Medium,High
9,Male,4,78.4,73.4,99.8,Music,2032,6,75.9,0,6,High,Medium
16,Female,12,77.5,77.8,84.0,None,2024,6,77.65,1,-2,Low,Medium
16,Female,10,80.5,76.6,93.6,Art,2026,6,78.55,-1,0,Medium,Medium
6,Female,1,74.7,65.7,100.0,Music,2035,6,70.2,0,9,High,Medium
7,Male,1,62.3,65.2,91.1,None,2035,6,63.75,-1,9,Medium,Medium
14,Female,8,63.5,69.9,89.7,Science Club,2028,7,66.7,-1,2,Medium,Medium
18,Female,12,59.6,70.4,85.2,Science Club,2024,6,65.0,-1,-2,Medium,Medium
6,Female,1,100.0,85.4,96.4,None,2035,6,92.7,0,9,High,High
14,Female,10,74.3,68.4,87.1,Sports,2026,6,71.35,1,0,Medium,Medium
7,Female,1,59.0,62.3,90.5,None,2035,7,60.65,-1,9,Medium,Medium
14,Female,10,73.0,73.1,84.8,Science Club,2026,7,73.05,1,0,Low,Medium
14,Female,10,50.8,53.0,98.8,Music,2026,7,51.9,1,0,High,Low
7,Male,3,88.6,79.2,96.8,Music,2033,6,83.9,1,7,High,Medium
14,Female,8,56.1,56.1,90.8,Sports,2028,7,56.1,-1,2,Medium,Low
17,Male,12,73.5,65.3,85.2,None,2024,7,69.4,0,-2,Medium,Medium
17,Female,12,82.0,78.4,98.7,Sports,2024,7,80.2,0,-2,High,High
6,Female,2,71.8,74.3,89.2,Music,2034,7,73.05,1,8,Medium,Medium
9,Male,4,67.4,65.9,85.5,Science Club,2032,7,66.65,0,6,Medium,Low
9,Female,5,66.2,65.2,82.2,None,2031,7,65.7,1,5,Low,Medium
11,Male,6,65.2,64.8,87.8,Sports,2030,7,65.0,0,4,Medium,Medium
7,Male,1,57.3,67.8,83.7,None,2035,7,62.55,-1,9,Low,Medium
17,Male,12,59.3,65.6,87.9,Art,2024,7,62.449999999999996,0,-2,Medium,Medium
16,Male,10,88.2,77.7,94.7,None,2026,7,82.95,-1,0,Medium,Medium
16,Male,12,64.4,64.7,89.1,Sports,2024,6,64.55000000000001,1,-2,Medium,Medium
8,Male,2,54.2,59.7,92.8,Sports,2034,7,56.95,-1,8,Medium,Medium
6,Female,1,58.3,66.3,87.4,Science Club,2035,6,62.3,0,9,Medium,Medium
17,Female,12,82.5,72.6,91.3,Sports,2024,7,77.55,0,-2,Medium,Medium
9,Male,4,76.1,71.5,100.0,Art,2032,6,73.8,0,6,High,Medium
14,Female,8,74.4,72.8,89.3,Sports,2028,7,73.6,-1,2,Medium,Medium
17,Male,12,62.1,64.1,92.9,None,2024,7,63.099999999999994,0,-2,Medium,Medium
6,Female,2,74.6,71.4,83.2,None,2034,7,73.0,1,8,Low,Medium
6,Male,2,56.3,61.5,98.6,None,2034,6,58.9,1,8,High,Medium
6,Female,1,62.1,63.1,88.6,None,2035,7,62.6,0,9,Medium,Medium
8,Male,3,80.5,71.4,96.3,None,2033,7,75.95,0,7,High,Medium
6,Female,1,79.1,75.0,90.4,Art,2035,6,77.05,0,9,Medium,Medium
16,Male,11,51.3,63.1,94.1,Music,2025,6,57.2,0,-1,Medium,Medium
13,Female,7,53.2,60.6,94.4,None,2029,7,56.900000000000006,-1,3,Medium,Medium
18,Male,12,67.6,59.0,88.7,None,2024,7,63.3,-1,-2,Medium,Low
16,Female,10,91.9,80.6,96.5,None,2026,7,86.25,-1,0,High,High
18,Female,12,37.3,50.0,87.2,None,2024,6,43.65,-1,-2,Medium,Low
9,Female,3,70.2,67.0,94.9,Sports,2033,6,68.6,-1,7,Medium,Medium
9,Female,3,45.4,54.2,89.0,None,2033,7,49.8,-1,7,Medium,Low
17,Other,12,56.5,66.0,92.7,None,2024,7,61.25,0,-2,Medium,Medium
9,Male,4,60.5,63.5,88.7,Science Club,2032,7,62.0,0,6,Medium,Medium
6,Male,1,59.7,63.3,91.2,None,2035,6,61.5,0,9,Medium,Medium
14,Male,9,58.0,63.5,85.6,Art,2027,6,60.75,0,1,Medium,Medium
16,Male,12,66.1,71.3,92.2,None,2024,6,68.69999999999999,1,-2,Medium,Medium
18,Female,12,58.0,56.3,91.2,Sports,2024,7,57.15,-1,-2,Medium,Low
18,Other,12,44.1,58.0,88.3,None,2024,7,51.05,-1,-2,Medium,Low
7,Other,3,77.7,73.1,90.7,Sports,2033,6,75.4,1,7,Medium,Medium
16,Female,11,77.3,78.5,91.7,Music,2025,6,77.9,0,-1,Medium,High
16,Female,12,78.6,71.8,87.9,Sports,2024,7,75.19999999999999,1,-2,Medium,Medium
15,Female,10,42.9,54.7,90.4,Art,2026,6,48.8,0,0,Medium,Low
16,Female,10,70.5,68.5,86.0,Music,2026,6,69.5,-1,0,Medium,Medium
16,Male,12,76.1,75.0,100.0,None,2024,6,75.55,1,-2,High,Medium
11,Female,5,50.5,56.5,96.3,Art,2031,7,53.5,-1,5,High,Low
6,Female,2,66.1,63.7,92.4,None,2034,7,64.9,1,8,Medium,Medium
11,Male,5,64.3,65.3,96.9,Music,2031,7,64.8,-1,5,High,Medium
8,Male,2,93.6,85.4,81.1,Sports,2034,6,89.5,-1,8,Low,High
7,Other,2,94.9,88.1,78.2,None,2034,7,91.5,0,8,Low,High
7,Other,3,41.0,54.7,89.0,None,2033,7,47.85,1,7,Medium,Low
15,Female,10,100.0,79.3,84.1,Art,2026,6,89.65,0,0,Low,Medium
12,Female,6,52.3,52.8,89.8,None,2030,7,52.55,-1,4,Medium,Low
13,Male,7,80.7,77.3,92.0,None,2029,6,79.0,-1,3,Medium,Medium
15,Male,11,80.6,73.3,95.6,Science Club,2025,7,76.94999999999999,1,-1,High,Medium
13,Female,9,51.1,53.9,85.3,None,2027,7,52.5,1,1,Medium,Low
14,Female,8,73.4,71.4,93.0,None,2028,7,72.4,-1,2,Medium,Medium
7,Female,2,64.4,61.6,91.1,Science Club,2034,7,63.0,0,8,Medium,Medium
17,Female,11,74.3,71.5,92.7,Music,2025,7,72.9,-1,-1,Medium,Medium
11,Male,5,69.5,65.4,88.4,Sports,2031,7,67.45,-1,5,Medium,Medium
8,Female,4,83.9,78.0,97.9,Music,2032,6,80.95,1,6,High,Medium
16,Male,11,67.1,65.0,90.5,None,2025,6,66.05,0,-1,Medium,Medium
15,Male,9,63.5,61.5,99.9,None,2027,7,62.5,-1,1,High,Medium
6,Male,1,82.4,73.7,87.0,Music,2035,6,78.05000000000001,0,9,Medium,Medium
8,Male,3,74.7,70.0,94.7,Science Club,2033,7,72.35,0,7,Medium,Medium
6,Female,1,77.0,76.4,90.7,Sports,2035,7,76.7,0,9,Medium,Medium
9,Male,4,56.0,64.3,89.4,Music,2032,6,60.15,0,6,Medium,Medium
7,Male,1,50.3,55.6,94.2,None,2035,7,52.95,-1,9,Medium,Low
15,Female,9,57.5,65.2,89.5,Art,2027,6,61.35,-1,1,Medium,Medium
12,Female,8,56.7,71.7,77.7,Music,2028,6,64.2,1,2,Low,Medium
18,Male,12,77.8,75.4,75.7,Art,2024,7,76.6,-1,-2,Low,Medium
15,Male,9,80.6,73.2,97.4,Music,2027,6,76.9,-1,1,High,Medium
13,Male,9,63.7,68.4,97.2,None,2027,6,66.05000000000001,1,1,High,Medium
12,Female,7,87.5,78.9,100.0,None,2029,6,83.2,0,3,High,Medium
6,Male,2,86.5,79.7,90.9,Science Club,2034,7,83.1,1,8,Medium,Medium
6,Male,2,69.7,62.5,84.5,Science Club,2034,6,66.1,1,8,Low,Medium
14,Male,9,53.7,58.2,88.9,Music,2027,6,55.95,0,1,Medium,Low
6,Female,1,89.6,77.2,91.1,Art,2035,6,83.4,0,9,Medium,Medium
6,Male,1,65.1,63.0,86.0,Music,2035,7,64.05,0,9,Medium,Low
8,Female,4,67.9,66.9,99.2,Sports,2032,6,67.4,1,6,High,Medium
17,Male,11,60.9,64.5,100.0,None,2025,6,62.7,-1,-1,High,Medium
11,Female,5,52.7,62.6,93.4,Art,2031,7,57.650000000000006,-1,5,Medium,Medium
15,Male,9,44.0,51.7,90.9,Art,2027,7,47.85,-1,1,Medium,Low
11,Male,5,75.5,77.1,84.5,Sports,2031,7,76.3,-1,5,Low,Medium
8,Male,2,54.2,56.7,98.7,None,2034,6,55.45,-1,8,High,Low
10,Female,4,100.0,91.3,91.4,Sports,2032,6,95.65,-1,6,Medium,High
7,Female,3,49.7,51.4,89.6,Art,2033,6,50.55,1,7,Medium,Low
16,Male,10,47.1,50.8,93.4,None,2026,6,48.95,-1,0,Medium,Low
8,Male,4,73.7,70.1,88.1,Art,2032,6,71.9,1,6,Medium,Medium
10,Female,4,88.9,85.5,91.7,None,2032,7,87.2,-1,6,Medium,High
18,Female,12,67.0,72.4,83.8,Sports,2024,6,69.7,-1,-2,Low,Medium
13,Male,7,74.6,77.0,96.4,None,2029,7,75.8,-1,3,High,Medium
11,Male,6,38.3,50.0,90.5,None,2030,7,44.15,0,4,Medium,Low
13,Female,7,55.8,63.9,96.8,Art,2029,6,59.849999999999994,-1,3,High,Low
16,Female,11,49.9,55.0,90.0,Science Club,2025,7,52.45,0,-1,Medium,Low
9,Female,4,37.6,46.5,90.3,Music,2032,7,42.05,0,6,Medium,Low
14,Female,9,67.8,60.8,84.9,None,2027,6,64.3,0,1,Low,Medium
17,Female,12,32.4,50.5,94.8,None,2024,6,41.45,0,-2,Medium,Low
13,Male,8,46.2,53.8,86.6,None,2028,7,50.0,0,2,Medium,Low
11,Male,7,57.9,62.8,88.6,None,2029,6,60.349999999999994,1,3,Medium,Medium
7,Male,2,53.5,60.3,91.0,Science Club,2034,6,56.9,0,8,Medium,Low
9,Male,4,71.9,71.4,91.6,Science Club,2032,6,71.65,0,6,Medium,Medium
18,Male,12,70.6,69.7,82.5,Music,2024,6,70.15,-1,-2,Low,Medium
13,Male,8,79.4,77.3,89.8,None,2028,6,78.35,0,2,Medium,Medium
9,Female,3,77.3,72.8,95.0,None,2033,7,75.05,-1,7,Medium,Medium
11,Male,5,83.1,78.7,89.1,Science Club,2031,7,80.9,-1,5,Medium,High
13,Male,9,66.0,67.4,89.9,Music,2027,7,66.7,1,1,Medium,Medium
12,Female,6,70.6,72.0,91.8,Art,2030,7,71.3,-1,4,Medium,Medium
15,Female,10,73.7,70.0,90.4,None,2026,7,71.85,0,0,Medium,Medium
9,Female,5,68.1,73.5,85.8,None,2031,7,70.8,1,5,Medium,Medium
14,Female,10,60.0,64.4,90.8,Sports,2026,6,62.2,1,0,Medium,Medium
11,Female,5,61.0,63.8,96.0,Sports,2031,6,62.4,-1,5,High,Medium
18,Male,12,53.7,59.8,85.7,Art,2024,6,56.75,-1,-2,Medium,Low
8,Male,3,72.3,68.2,89.1,Sports,2033,7,70.25,0,7,Medium,Medium
7,Female,2,64.6,63.0,84.1,None,2034,7,63.8,0,8,Low,Low
12,Male,8,56.1,60.0,95.7,Art,2028,7,58.05,1,2,High,Low
12,Male,6,56.1,61.5,90.5,Art,2030,6,58.8,-1,4,Medium,Medium
14,Male,8,47.8,52.6,86.7,Sports,2028,6,50.2,-1,2,Medium,Low
11,Male,5,80.7,74.0,91.5,Art,2031,6,77.35,-1,5,Medium,Medium
17,Male,12,67.2,76.8,85.0,None,2024,6,72.0,0,-2,Low,Medium
12,Male,6,53.1,59.5,85.8,Art,2030,7,56.3,-1,4,Medium,Low
7,Female,2,78.1,74.6,83.7,Sports,2034,6,76.35,0,8,Low,Medium
7,Female,1,57.6,60.5,85.7,Music,2035,7,59.05,-1,9,Medium,Low
18,Male,12,44.9,56.1,97.8,None,2024,7,50.5,-1,-2,High,Low
7,Female,3,81.3,71.7,87.3,None,2033,6,76.5,1,7,Medium,Medium
18,Male,12,57.9,62.4,93.3,Sports,2024,7,60.15,-1,-2,Medium,Medium
9,Female,3,59.9,66.4,86.8,Science Club,2033,6,63.150000000000006,-1,7,Medium,Medium
7,Female,3,66.6,74.3,94.8,Sports,2033,6,70.44999999999999,1,7,Medium,Medium
9,Male,4,83.1,74.1,85.9,Science Club,2032,7,78.6,0,6,Medium,Medium
13,Female,7,66.3,61.5,91.2,Sports,2029,7,63.9,-1,3,Medium,Medium
11,Female,6,48.0,55.1,91.3,None,2030,6,51.55,0,4,Medium,Low
16,Female,12,74.2,70.5,100.0,None,2024,7,72.35,1,-2,High,Medium
13,Female,8,58.7,67.9,94.2,Sports,2028,6,63.300000000000004,0,2,Medium,Medium
11,Female,6,94.3,89.4,88.0,Art,2030,6,91.85,0,4,Medium,High
14,Male,9,66.0,67.5,94.4,Sports,2027,6,66.75,0,1,Medium,Medium
18,Female,12,32.5,43.2,100.0,Music,2024,6,37.85,-1,-2,High,Low
11,Female,5,71.4,67.7,82.9,Sports,2031,7,69.55000000000001,-1,5,Low,Medium
7,Female,3,95.2,83.4,86.8,Music,2033,7,89.30000000000001,1,7,Medium,High
11,Male,7,89.6,76.8,89.8,None,2029,7,83.19999999999999,1,3,Medium,Medium
16,Female,10,93.5,80.9,88.9,Sports,2026,7,87.2,-1,0,Medium,Medium
8,Male,4,50.7,60.2,89.3,None,2032,6,55.45,1,6,Medium,Low
18,Female,12,79.7,76.4,84.5,Sports,2024,7,78.05000000000001,-1,-2,Low,Medium
13,Male,9,55.2,60.6,98.0,Art,2027,6,57.900000000000006,1,1,High,Medium
13,Female,8,69.4,72.7,83.9,Art,2028,7,71.05000000000001,0,2,Low,Medium
10,Female,5,46.9,59.3,90.0,None,2031,7,53.099999999999994,0,5,Medium,Low
17,Male,12,56.3,58.6,96.2,Sports,2024,7,57.45,0,-2,High,Medium
6,Female,1,55.9,56.6,90.8,Sports,2035,7,56.25,0,9,Medium,Low
9,Male,5,79.5,76.3,86.1,None,2031,6,77.9,1,5,Medium,High
11,Female,7,78.0,77.0,84.3,None,2029,7,77.5,1,3,Low,Medium
12,Female,8,70.2,68.2,89.9,Science Club,2028,7,69.2,1,2,Medium,Medium
12,Male,7,45.7,55.8,87.2,Sports,2029,6,50.75,0,3,Medium,Low
7,Male,2,61.3,64.5,92.0,Music,2034,7,62.9,0,8,Medium,Medium
8,Male,2,54.8,60.3,84.0,None,2034,7,57.55,-1,8,Low,Low
7,Male,3,79.0,73.1,95.1,Science Club,2033,6,76.05,1,7,High,Medium
13,Female,8,83.7,79.8,91.6,Science Club,2028,7,81.75,0,2,Medium,High
10,Female,4,81.8,79.0,91.9,Music,2032,6,80.4,-1,6,Medium,High
13,Male,9,54.7,57.8,98.2,Music,2027,7,56.25,1,1,High,Medium
13,Female,8,24.9,41.1,88.8,None,2028,6,33.0,0,2,Medium,Low
15,Male,10,39.5,53.1,87.4,None,2026,6,46.3,0,0,Medium,Low
13,Female,7,87.3,78.7,88.3,Sports,2029,7,83.0,-1,3,Medium,Medium
14,Male,10,60.0,65.3,90.0,None,2026,7,62.65,1,0,Medium,Medium
13,Female,8,54.7,63.7,90.5,Science Club,2028,7,59.2,0,2,Medium,Medium
14,Female,10,90.6,77.9,86.8,Music,2026,6,84.25,1,0,Medium,High
14,Male,10,85.0,73.1,80.9,Music,2026,7,79.05,1,0,Low,Medium
10,Female,4,66.4,66.1,88.2,None,2032,6,66.25,-1,6,Medium,Medium
9,Other,3,61.6,59.4,92.8,Music,2033,7,60.5,-1,7,Medium,Medium
16,Male,12,64.0,70.7,91.7,Science Club,2024,6,67.35,1,-2,Medium,Medium
10,Male,5,69.4,68.1,97.0,None,2031,7,68.75,0,5,High,Medium
13,Female,8,90.0,87.0,100.0,Sports,2028,7,88.5,0,2,High,High
8,Male,2,72.3,64.8,94.8,None,2034,6,68.55,-1,8,Medium,Medium
11,Male,6,76.9,74.8,97.9,Music,2030,6,75.85,0,4,High,Medium
12,Male,8,83.5,84.1,94.8,Art,2028,7,83.8,1,2,Medium,Medium
14,Female,8,48.5,52.8,99.5,Science Club,2028,7,50.65,-1,2,High,Low
12,Male,7,77.3,78.7,100.0,Science Club,2029,6,78.0,0,3,High,Medium
10,Male,6,61.6,60.6,95.8,Art,2030,7,61.1,1,4,High,Medium
18,Female,12,28.3,42.9,94.5,Science Club,2024,6,35.6,-1,-2,Medium,Low
12,Female,6,34.1,50.5,90.0,None,2030,7,42.3,-1,4,Medium,Low
